NAMESHORT_SB;NAME_SB;MONTH_6_PERCENT;MONTH_6_VALUE;MONTH_12_PERCENT;MONTH_12_VALUE;MONTH_24_PERCENT;MONTH_24_VALUE;AVERAGE_PERCENT;AVERAGE_VALUE;URL_SB;VALUE_PERCENT_INDEX
SERT.ST;SERSTECH;55.6;316;58.8;493;57.6;8518;57.3;3109;https://www.swedishbulls.com/SignalPage.aspx?lang=en&Ticker=SERT.ST;178.1457
MAV.ST;MAVSHACK AB;83.3;174;73.5;1452;70.3;4932;75.7;2186;https://www.swedishbulls.com/SignalPage.aspx?lang=en&Ticker=MAV.ST;165.4802
ORTI-A.ST;ORTIVUS A;54.5;169;66.7;3731;66.7;3731;62.6;2543;https://www.swedishbulls.com/SignalPage.aspx?lang=en&Ticker=ORTI-A.ST;159.1918
ANOT.ST;ANOTO GROUP;72.2;324;71;1331;69.7;4054;71;1903;https://www.swedishbulls.com/SignalPage.aspx?lang=en&Ticker=ANOT.ST;135.113
CE.ST;CORTUS ENERGY;57.1;155;65.6;540;67.2;5463;63.3;2052;https://www.swedishbulls.com/SignalPage.aspx?lang=en&Ticker=CE.ST;129.8916
SALT-B.ST;SALTX TECHNOLOGY HOLDING;53.8;140;58.1;579;56.5;5429;56.1;2049;https://www.swedishbulls.com/SignalPage.aspx?lang=en&Ticker=SALT-B.ST;114.9489
SAVOS.ST;SAVO SOLAR;52.9;119;63.3;1347;63.3;3851;59.8;1772;https://www.swedishbulls.com/SignalPage.aspx?lang=en&Ticker=SAVOS.ST;105.9656
PRLD.NGM;PROLIGHT DIAGNOSTICS;66.7;1097;65;1593;65;1593;65.6;1427;https://www.swedishbulls.com/SignalPage.aspx?lang=en&Ticker=PRLD.NGM;93.6112
EOID.NGM;EYEONID GROUP;76.2;242;67.6;792;73.3;1920;72.4;984;https://www.swedishbulls.com/SignalPage.aspx?lang=en&Ticker=EOID.NGM;71.2416
TRANS.ST;TRANSTEMA;68.8;199;68.8;307;67.7;2512;68.4;1006;https://www.swedishbulls.com/SignalPage.aspx?lang=en&Ticker=TRANS.ST;68.8104
MEDR-B.ST;MEDIRATT B;66.7;145;65.4;247;71.2;2393;67.8;928;https://www.swedishbulls.com/SignalPage.aspx?lang=en&Ticker=MEDR-B.ST;62.9184
MYFC.ST;MYFC HOLDING;91.7;135;75;297;72.6;1873;79.8;768;https://www.swedishbulls.com/SignalPage.aspx?lang=en&Ticker=MYFC.ST;61.2864
AAC-TO1.ST;AAC MICROTEC SUBSCR OPT;87.5;637;69.2;900;69.2;900;75.3;812;https://www.swedishbulls.com/SignalPage.aspx?lang=en&Ticker=AAC-TO1.ST;61.1436
TMG.ST;THE MARKETING GROUP;57.1;129;66.7;595;69.6;2001;64.5;908;https://www.swedishbulls.com/SignalPage.aspx?lang=en&Ticker=TMG.ST;58.566
SALT-TO-2B.ST;SALTX TECHNOLOGY HOLDING SUBSCR OPT;57.1;152;65.4;701;67.6;1644;63.4;832;https://www.swedishbulls.com/SignalPage.aspx?lang=en&Ticker=SALT-TO-2B.ST;52.7488
SPIFFX.ST;SPIFFX;69.2;539;70.4;755;56.4;1119;65.3;804;https://www.swedishbulls.com/SignalPage.aspx?lang=en&Ticker=SPIFFX.ST;52.5012
COPP-B.ST;COPPERSTONE RESOURCE;50;139;58.3;373;65.2;2177;57.8;896;https://www.swedishbulls.com/SignalPage.aspx?lang=en&Ticker=COPP-B.ST;51.7888
G5EN.ST;G5 ENTERTAINMENT;61.1;167;58.8;280;63.2;2055;61;834;https://www.swedishbulls.com/SignalPage.aspx?lang=en&Ticker=G5EN.ST;50.874
GAPW-B.ST;GAPWAVES;85.7;508;60;782;59.4;855;68.4;715;https://www.swedishbulls.com/SignalPage.aspx?lang=en&Ticker=GAPW-B.ST;48.906
SANION.ST;SANIONA A/S;64.3;127;75;210;72.7;1598;70.7;645;https://www.swedishbulls.com/SignalPage.aspx?lang=en&Ticker=SANION.ST;45.6015
DEFL-B.ST;DEFLAMO B;78.6;825;73.9;583;62.5;497;71.7;635;https://www.swedishbulls.com/SignalPage.aspx?lang=en&Ticker=DEFL-B.ST;45.5295
BIM.ST;BIMOBJECT;61.1;139;65.8;229;69.1;1684;65.3;684;https://www.swedishbulls.com/SignalPage.aspx?lang=en&Ticker=BIM.ST;44.6652
DIVI-B.NGM;DIVIDEND SWEDEN;58.8;139;64;279;71.7;1650;64.8;689;https://www.swedishbulls.com/SignalPage.aspx?lang=en&Ticker=DIVI-B.NGM;44.6472
IBT-B.ST;INFANT BACTERIAL THERAPEUTICS;66.7;271;61.5;456;68.9;1275;65.7;667;https://www.swedishbulls.com/SignalPage.aspx?lang=en&Ticker=IBT-B.ST;43.8219
NXTMS.ST;NEXSTIM;56.2;101;60;163;67.3;1825;61.2;696;https://www.swedishbulls.com/SignalPage.aspx?lang=en&Ticker=NXTMS.ST;42.5952
DIGN.ST;DIGNITANA;53.8;541;55.2;783;55.6;1001;54.9;775;https://www.swedishbulls.com/SignalPage.aspx?lang=en&Ticker=DIGN.ST;42.5475
SES.ST;SCAND ENVIRO SYS;58.3;479;57.1;608;53;1167;56.1;751;https://www.swedishbulls.com/SignalPage.aspx?lang=en&Ticker=SES.ST;42.1311
BOUL.ST;BOULE DIAGNOSTICS;75;125;71.9;211;75;1343;74;559;https://www.swedishbulls.com/SignalPage.aspx?lang=en&Ticker=BOUL.ST;41.366
ALIRA-B.ST;ALIGERA;50;479;58.3;861;58.3;861;55.5;733;https://www.swedishbulls.com/SignalPage.aspx?lang=en&Ticker=ALIRA-B.ST;40.6815
HELIO.ST;HELIOSPECTRA;77.8;325;55.3;461;51.4;1185;61.5;657;https://www.swedishbulls.com/SignalPage.aspx?lang=en&Ticker=HELIO.ST;40.4055
BRIG.ST;BRIGHTER AB;65;227;64.7;390;64.1;1159;64.6;592;https://www.swedishbulls.com/SignalPage.aspx?lang=en&Ticker=BRIG.ST;38.2432
CBA.ST;CYBAERO;62.5;118;69.7;567;65.2;1035;65.8;573;https://www.swedishbulls.com/SignalPage.aspx?lang=en&Ticker=CBA.ST;37.7034
PIEZO.ST;PIEZOMOTOR UPPSALA;78.6;363;71.9;529;65.2;654;71.9;515;https://www.swedishbulls.com/SignalPage.aspx?lang=en&Ticker=PIEZO.ST;37.0285
ACTI.ST;ACTIVE BIOTECH;66.7;228;79.3;322;70.5;962;72.2;504;https://www.swedishbulls.com/SignalPage.aspx?lang=en&Ticker=ACTI.ST;36.3888
HMED.ST;HANSA MEDICAL;53.8;129;64.5;337;57.7;1355;58.7;607;https://www.swedishbulls.com/SignalPage.aspx?lang=en&Ticker=HMED.ST;35.6309
HEMC.ST;HEMCHECK SWEDEN;80;189;73.1;586;73.1;586;75.4;453;https://www.swedishbulls.com/SignalPage.aspx?lang=en&Ticker=HEMC.ST;34.1562
CLAV.ST;CLAVISTER HOLDING;76.9;212;69.7;397;71.4;765;72.7;458;https://www.swedishbulls.com/SignalPage.aspx?lang=en&Ticker=CLAV.ST;33.2966
STAR-A.ST;STARBREEZE A;76.9;226;76.7;286;73.7;772;75.8;428;https://www.swedishbulls.com/SignalPage.aspx?lang=en&Ticker=STAR-A.ST;32.4424
GOMX.ST;GOMSPACE GROUP;85.7;133;80;353;79.5;702;81.7;396;https://www.swedishbulls.com/SignalPage.aspx?lang=en&Ticker=GOMX.ST;32.3532
AAP-B.ST;ARC AROMA;61.1;142;62.5;311;57.6;1091;60.4;514;https://www.swedishbulls.com/SignalPage.aspx?lang=en&Ticker=AAP-B.ST;31.0456
VICO.ST;VICORE PHARMA HOLDING;75;165;64.3;301;53.6;954;64.3;473;https://www.swedishbulls.com/SignalPage.aspx?lang=en&Ticker=VICO.ST;30.4139
PROB.ST;PROBI AB;73.3;153;71.4;178;70.1;865;71.6;398;https://www.swedishbulls.com/SignalPage.aspx?lang=en&Ticker=PROB.ST;28.4968
47307.ST;NORDIC LEISURE;73.3;183;57.6;435;54;757;61.6;458;https://www.swedishbulls.com/SignalPage.aspx?lang=en&Ticker=47307.ST;28.2128
ENQ.ST;ENQUEST;66.7;175;64.1;183;64.6;942;65.1;433;https://www.swedishbulls.com/SignalPage.aspx?lang=en&Ticker=ENQ.ST;28.1883
ENRO.ST;ENIRO;65;304;63.2;425;62;593;63.4;440;https://www.swedishbulls.com/SignalPage.aspx?lang=en&Ticker=ENRO.ST;27.896
NVP.ST;NEUROVIVE PHARMACEUTICAL;72.2;147;69;187;65.7;844;69;392;https://www.swedishbulls.com/SignalPage.aspx?lang=en&Ticker=NVP.ST;27.048
THQN-B.ST;THQ NORDIC;71.4;250;62.2;409;65.3;554;66.3;404;https://www.swedishbulls.com/SignalPage.aspx?lang=en&Ticker=THQN-B.ST;26.7852
GTGS.NGM;GOLD TOWN GAMES;45.8;217;54.8;385;57.1;871;52.6;491;https://www.swedishbulls.com/SignalPage.aspx?lang=en&Ticker=GTGS.NGM;25.8266
HEMC-TO1.ST;HEMCHECK SWEDEN SUBSCR OPT;70;269;62.5;460;62.5;460;65;396;https://www.swedishbulls.com/SignalPage.aspx?lang=en&Ticker=HEMC-TO1.ST;25.74
DOXA.ST;DOXA;86.7;227;71.9;293;61.7;513;73.4;344;https://www.swedishbulls.com/SignalPage.aspx?lang=en&Ticker=DOXA.ST;25.2496
RISEN.NGM;RIPASSO ENERGY;65;358;68.4;396;67.5;376;67;376;https://www.swedishbulls.com/SignalPage.aspx?lang=en&Ticker=RISEN.NGM;25.192
CEVI.ST;CELLAVISION;65.4;122;65.9;240;67.4;747;66.2;369;https://www.swedishbulls.com/SignalPage.aspx?lang=en&Ticker=CEVI.ST;24.4278
PCELL.ST;POWERCELL SWEDEN;71.4;130;70;322;62.1;628;67.8;360;https://www.swedishbulls.com/SignalPage.aspx?lang=en&Ticker=PCELL.ST;24.408
LAUR.ST;LAURITZ.COM;71.4;234;61.8;373;62;480;65.1;362;https://www.swedishbulls.com/SignalPage.aspx?lang=en&Ticker=LAUR.ST;23.5662
CI-B.ST;CELL IMPACT B;50;217;40;204;56.1;1026;48.7;482;https://www.swedishbulls.com/SignalPage.aspx?lang=en&Ticker=CI-B.ST;23.4734
SPOR.ST;SPORTAMORE;80;139;78.8;237;70.1;541;76.3;305;https://www.swedishbulls.com/SignalPage.aspx?lang=en&Ticker=SPOR.ST;23.2715
AAC.ST;AAC MICROTEC;73.3;233;58.1;434;58.1;434;63.2;367;https://www.swedishbulls.com/SignalPage.aspx?lang=en&Ticker=AAC.ST;23.1944
SENS.ST;SENSYS GATSO;60.9;241;59.5;356;64.4;513;61.6;370;https://www.swedishbulls.com/SignalPage.aspx?lang=en&Ticker=SENS.ST;22.792
ISR.ST;ISR IMMUNE SYSTEM REGULATION HOLDING;60;305;65.2;382;65.2;382;63.5;356;https://www.swedishbulls.com/SignalPage.aspx?lang=en&Ticker=ISR.ST;22.606
CRAD-B.ST;C-RAD B;62.5;126;73.3;319;63.5;568;66.4;337;https://www.swedishbulls.com/SignalPage.aspx?lang=en&Ticker=CRAD-B.ST;22.3768
A1M.ST;A1M;58.3;157;60;308;61;641;59.8;368;https://www.swedishbulls.com/SignalPage.aspx?lang=en&Ticker=A1M.ST;22.0064
MAG.ST;MAGNOLIA BOSTAD;81.2;185;70.6;252;62.5;489;71.4;308;https://www.swedishbulls.com/SignalPage.aspx?lang=en&Ticker=MAG.ST;21.9912
NICO.ST;NICOCCINO HOLD;50;433;55.6;406;54.2;394;53.3;411;https://www.swedishbulls.com/SignalPage.aspx?lang=en&Ticker=NICO.ST;21.9063
ARCT.ST;ARCTIC GOLD;57.9;282;51.4;268;53.6;654;54.3;401;https://www.swedishbulls.com/SignalPage.aspx?lang=en&Ticker=ARCT.ST;21.7743
SOLT.ST;SOLTECH ENERGY;72.2;233;69.2;300;71.2;389;70.9;307;https://www.swedishbulls.com/SignalPage.aspx?lang=en&Ticker=SOLT.ST;21.7663
DEDI.ST;DEDICARE AB;66.7;158;63.2;196;60.3;664;63.4;339;https://www.swedishbulls.com/SignalPage.aspx?lang=en&Ticker=DEDI.ST;21.4926
HOYLU.ST;HOYLU;58.3;153;72.7;398;72.7;398;67.9;316;https://www.swedishbulls.com/SignalPage.aspx?lang=en&Ticker=HOYLU.ST;21.4564
CLS-B.ST;CLINICAL LASERTHERMIA SYSTEMS B;60;224;64.5;336;52.2;533;58.9;364;https://www.swedishbulls.com/SignalPage.aspx?lang=en&Ticker=CLS-B.ST;21.4396
GWS.ST;GWS PRODUCTION;63.2;92;67.7;221;73;626;68;313;https://www.swedishbulls.com/SignalPage.aspx?lang=en&Ticker=GWS.ST;21.284
CASO.ST;CASSANDRA OIL;75;242;66.7;246;66.1;426;69.3;304;https://www.swedishbulls.com/SignalPage.aspx?lang=en&Ticker=CASO.ST;21.0672
GCOR.ST;GAMING CORPS;81.2;239;55.8;202;60;508;65.7;316;https://www.swedishbulls.com/SignalPage.aspx?lang=en&Ticker=GCOR.ST;20.7612
IMMU.ST;IMMUNICUM;83.3;164;68;242;62.9;465;71.4;290;https://www.swedishbulls.com/SignalPage.aspx?lang=en&Ticker=IMMU.ST;20.706
BRIG-TO3.ST;BRIGHTER SUBSCR OPT;68.4;212;66.7;355;66.7;355;67.3;307;https://www.swedishbulls.com/SignalPage.aspx?lang=en&Ticker=BRIG-TO3.ST;20.6611
ORX.ST;OREXO;82.4;207;64.9;232;66.2;426;71.2;288;https://www.swedishbulls.com/SignalPage.aspx?lang=en&Ticker=ORX.ST;20.5056
RAY-B.ST;RAYSEARCH LABORATORIES B;82.4;162;71;196;64.6;483;72.7;280;https://www.swedishbulls.com/SignalPage.aspx?lang=en&Ticker=RAY-B.ST;20.356
BIOT.ST;BIOTAGE;63.6;163;71.1;279;65.3;470;66.7;304;https://www.swedishbulls.com/SignalPage.aspx?lang=en&Ticker=BIOT.ST;20.2768
ZAPLOX.ST;ZAPLOX;85.7;218;81.2;259;81.2;259;82.7;245;https://www.swedishbulls.com/SignalPage.aspx?lang=en&Ticker=ZAPLOX.ST;20.2615
XANO-B.ST;XANO INDUSTRI B;68.4;155;74.3;271;65.3;445;69.3;290;https://www.swedishbulls.com/SignalPage.aspx?lang=en&Ticker=XANO-B.ST;20.097
COGS.ST;COGNOSEC;75;168;57.7;283;58.3;494;63.7;315;https://www.swedishbulls.com/SignalPage.aspx?lang=en&Ticker=COGS.ST;20.0655
ABIGR.NGM;ABELCO INVESTMENT GROUP;78.6;256;75;264;75;264;76.2;261;https://www.swedishbulls.com/SignalPage.aspx?lang=en&Ticker=ABIGR.NGM;19.8882
KARO.ST;KARO PHARMA;73.3;144;71.4;188;69.3;498;71.3;276;https://www.swedishbulls.com/SignalPage.aspx?lang=en&Ticker=KARO.ST;19.6788
SF.ST;STILLFRONT GROUP;75;220;66.7;266;60.6;383;67.4;289;https://www.swedishbulls.com/SignalPage.aspx?lang=en&Ticker=SF.ST;19.4786
TOBII.ST;TOBII;75;182;68.8;241;66.7;382;70.2;268;https://www.swedishbulls.com/SignalPage.aspx?lang=en&Ticker=TOBII.ST;18.8136
HTRO.ST;HEXATRONIC GROUP;75;131;68.4;196;64.7;485;69.4;270;https://www.swedishbulls.com/SignalPage.aspx?lang=en&Ticker=HTRO.ST;18.738
WTX.ST;WILSON THERAPEUTICS SHS;56;172;60;226;60.7;553;58.9;317;https://www.swedishbulls.com/SignalPage.aspx?lang=en&Ticker=WTX.ST;18.6713
CTT.ST;CTT SYSTEMS;62.5;131;66.7;190;64.1;545;64.4;288;https://www.swedishbulls.com/SignalPage.aspx?lang=en&Ticker=CTT.ST;18.5472
BAYN.ST;BAYN EUROPE;57.1;114;50;250;56.1;640;54.4;334;https://www.swedishbulls.com/SignalPage.aspx?lang=en&Ticker=BAYN.ST;18.1696
XBRANE.ST;XBRANE BIOPHARMA;66.7;168;52.6;284;61.7;428;60.3;293;https://www.swedishbulls.com/SignalPage.aspx?lang=en&Ticker=XBRANE.ST;17.6679
NEXAM.ST;NEXAM CHEMICAL HOLDING;64.7;216;54.8;210;57.9;469;59.1;298;https://www.swedishbulls.com/SignalPage.aspx?lang=en&Ticker=NEXAM.ST;17.6118
STW.ST;SEATWIRL;72.2;160;61.8;322;61.8;322;65.3;268;https://www.swedishbulls.com/SignalPage.aspx?lang=en&Ticker=STW.ST;17.5004
EPIS-B.ST;EPISURF MEDICALORD;61.1;133;65.6;195;66.7;486;64.5;271;https://www.swedishbulls.com/SignalPage.aspx?lang=en&Ticker=EPIS-B.ST;17.4795
CHRO.ST;CHROMOGENICS;83.3;171;88.9;211;88.9;211;87;197;https://www.swedishbulls.com/SignalPage.aspx?lang=en&Ticker=CHRO.ST;17.139
MANTEX.ST;MANTEX;64.3;215;66.7;280;66.7;280;65.9;258;https://www.swedishbulls.com/SignalPage.aspx?lang=en&Ticker=MANTEX.ST;17.0022
ZETA.ST;ZETA DISPLAY;47.1;116;60.6;224;55.7;580;54.5;306;https://www.swedishbulls.com/SignalPage.aspx?lang=en&Ticker=ZETA.ST;16.677
SNM.ST;SHAMARAN PETROLEUM;75;146;73.1;193;60.9;374;69.7;237;https://www.swedishbulls.com/SignalPage.aspx?lang=en&Ticker=SNM.ST;16.5189
SSAB-B.ST;SSAB B;76.9;127;78.8;181;68.7;353;74.8;220;https://www.swedishbulls.com/SignalPage.aspx?lang=en&Ticker=SSAB-B.ST;16.456
ENDO.ST;ENDOMINES;65;117;61.1;229;61.4;439;62.5;261;https://www.swedishbulls.com/SignalPage.aspx?lang=en&Ticker=ENDO.ST;16.3125
KDEV.ST;KAROLINSKA DEV;88.9;266;63.9;235;50;216;67.6;239;https://www.swedishbulls.com/SignalPage.aspx?lang=en&Ticker=KDEV.ST;16.1564
CMOTEC-B.ST;SCANDINAVIAN CHEMOTECH;57.1;231;64.3;280;63.3;277;61.6;262;https://www.swedishbulls.com/SignalPage.aspx?lang=en&Ticker=CMOTEC-B.ST;16.1392
IMNP.ST;IMMUNE PHARMACEUTICALS;58.3;166;58.3;225;55.6;452;57.4;281;https://www.swedishbulls.com/SignalPage.aspx?lang=en&Ticker=IMNP.ST;16.1294
CAMX.ST;CAMURUS;82.4;110;78.8;144;73.8;352;78.3;202;https://www.swedishbulls.com/SignalPage.aspx?lang=en&Ticker=CAMX.ST;15.8166
EXPRS2.ST;EXPRES2ION BIOTECH HOLDING;59.1;247;57.9;289;55.4;286;57.5;274;https://www.swedishbulls.com/SignalPage.aspx?lang=en&Ticker=EXPRS2.ST;15.755
LIFCO-B.ST;LIFCO B;80;145;76.3;187;71.8;289;76;207;https://www.swedishbulls.com/SignalPage.aspx?lang=en&Ticker=LIFCO-B.ST;15.732
AXIC-A.ST;AXICHEM A;70.6;188;64.3;269;57.1;278;64;245;https://www.swedishbulls.com/SignalPage.aspx?lang=en&Ticker=AXIC-A.ST;15.68
PXXS-SDB.ST;PEARL EXPLORATION AND PROD GDR;69.2;127;54.3;176;49.2;513;57.6;272;https://www.swedishbulls.com/SignalPage.aspx?lang=en&Ticker=PXXS-SDB.ST;15.6672
CELLNK-B.ST;CELLINK;69.6;170;69.2;220;70.7;280;69.8;223;https://www.swedishbulls.com/SignalPage.aspx?lang=en&Ticker=CELLNK-B.ST;15.5654
DURC-B.ST;DUROC B;70;158;65;245;64.6;296;66.5;233;https://www.swedishbulls.com/SignalPage.aspx?lang=en&Ticker=DURC-B.ST;15.4945
FAG.ST;FAGERHULT;77.8;133;66.7;163;65.8;364;70.1;220;https://www.swedishbulls.com/SignalPage.aspx?lang=en&Ticker=FAG.ST;15.422
BESQ.ST;BESQAB PROJEKT & FASTIGHETER;83.3;145;64.3;180;63.3;333;70.3;219;https://www.swedishbulls.com/SignalPage.aspx?lang=en&Ticker=BESQ.ST;15.3957
AZA.ST;AVANZA BANK HOLDING;70.6;137;76.9;158;77.9;319;75.1;204;https://www.swedishbulls.com/SignalPage.aspx?lang=en&Ticker=AZA.ST;15.3204
OASM.ST;OASMIA PHARMACEUTICAL;47.4;163;48.6;235;54.5;516;50.2;304;https://www.swedishbulls.com/SignalPage.aspx?lang=en&Ticker=OASM.ST;15.2608
HMS.ST;HMS NETWORKS;72.2;118;72.2;195;67.1;336;70.5;216;https://www.swedishbulls.com/SignalPage.aspx?lang=en&Ticker=HMS.ST;15.228
PREC.ST;PRECISE BIOMETRICS;41.2;80;52;127;52.9;731;48.7;312;https://www.swedishbulls.com/SignalPage.aspx?lang=en&Ticker=PREC.ST;15.1944
LIDDS.ST;LIDDS;64.7;189;63.3;302;51.6;264;59.9;251;https://www.swedishbulls.com/SignalPage.aspx?lang=en&Ticker=LIDDS.ST;15.0349
WINT.ST;WEST INTERNATIONAL;64.3;117;65.5;237;60.6;356;63.5;236;https://www.swedishbulls.com/SignalPage.aspx?lang=en&Ticker=WINT.ST;14.986
VERI.ST;VERISEC;76.2;155;60.5;218;64.7;295;67.1;222;https://www.swedishbulls.com/SignalPage.aspx?lang=en&Ticker=VERI.ST;14.8962
SSAB-A.ST;SSAB A;64.7;127;70;178;66.2;358;67;221;https://www.swedishbulls.com/SignalPage.aspx?lang=en&Ticker=SSAB-A.ST;14.807
NEPA.ST;NEPA;71.4;149;62.5;229;57.4;316;63.8;231;https://www.swedishbulls.com/SignalPage.aspx?lang=en&Ticker=NEPA.ST;14.7378
CANTA.ST;CANTARGIA;64.3;158;70.4;240;62.5;276;65.7;224;https://www.swedishbulls.com/SignalPage.aspx?lang=en&Ticker=CANTA.ST;14.7168
RLS.ST;RUBICON LIFE SCIENCE;66.7;193;55.2;190;56.1;358;59.3;247;https://www.swedishbulls.com/SignalPage.aspx?lang=en&Ticker=RLS.ST;14.6471
IMMNOV.ST;IMMUNOVIA;47.1;117;55.9;128;65.8;533;56.3;259;https://www.swedishbulls.com/SignalPage.aspx?lang=en&Ticker=IMMNOV.ST;14.5817
CFISH.ST;CRUNCHFISH;50;141;50;352;50;378;50;290;https://www.swedishbulls.com/SignalPage.aspx?lang=en&Ticker=CFISH.ST;14.5
JLT.ST;JLT MOBILE;59.1;114;63.9;175;62.2;413;61.7;234;https://www.swedishbulls.com/SignalPage.aspx?lang=en&Ticker=JLT.ST;14.4378
FOI-B.ST;FENIX OUTDOOR INTERNATIONAL;72.2;149;70;182;58.1;318;66.8;216;https://www.swedishbulls.com/SignalPage.aspx?lang=en&Ticker=FOI-B.ST;14.4288
MCAP.ST;MEDCAP;66.7;174;67.9;215;59.3;280;64.6;223;https://www.swedishbulls.com/SignalPage.aspx?lang=en&Ticker=MCAP.ST;14.4058
TALK.ST;TALKPOOL;66.7;186;67.6;197;66.1;259;66.8;214;https://www.swedishbulls.com/SignalPage.aspx?lang=en&Ticker=TALK.ST;14.2952
ORTI-B.ST;ORTIVUS B;57.1;140;61.8;250;55.1;345;58;245;https://www.swedishbulls.com/SignalPage.aspx?lang=en&Ticker=ORTI-B.ST;14.21
BINV.ST;BIOINVENT INTERNATIONAL;52.9;136;62.1;187;63.9;391;59.6;238;https://www.swedishbulls.com/SignalPage.aspx?lang=en&Ticker=BINV.ST;14.1848
MINEST.ST;MINESTO;66.7;176;54.2;177;56.6;364;59.2;239;https://www.swedishbulls.com/SignalPage.aspx?lang=en&Ticker=MINEST.ST;14.1488
LEO.ST;LEOVEGAS;77.8;146;65;253;50;260;64.3;219;https://www.swedishbulls.com/SignalPage.aspx?lang=en&Ticker=LEO.ST;14.0817
KAMBI.ST;KAMBI GROUP;73.3;142;64.9;203;63.6;276;67.3;207;https://www.swedishbulls.com/SignalPage.aspx?lang=en&Ticker=KAMBI.ST;13.9311
ATIC.ST;ACTIC GROUP;83.3;176;75;179;75;179;77.8;178;https://www.swedishbulls.com/SignalPage.aspx?lang=en&Ticker=ATIC.ST;13.8484
AUTO.ST;VA AUTOMOTIVE;53.3;212;58.8;237;55.2;296;55.8;248;https://www.swedishbulls.com/SignalPage.aspx?lang=en&Ticker=AUTO.ST;13.8384
ANNX.ST;ANNEXIN PHARMACEUTICALS;68.8;176;66.7;220;66.7;220;67.4;205;https://www.swedishbulls.com/SignalPage.aspx?lang=en&Ticker=ANNX.ST;13.817
VSSAB-B.ST;VIKING SUPPLY SHIPS;76.5;217;48.6;159;50;333;58.4;236;https://www.swedishbulls.com/SignalPage.aspx?lang=en&Ticker=VSSAB-B.ST;13.7824
SKIS-B.ST;SKISTAR B;86.7;125;73.5;188;57.7;254;72.6;189;https://www.swedishbulls.com/SignalPage.aspx?lang=en&Ticker=SKIS-B.ST;13.7214
FRISQ.ST;FRISQ HOLDING;72;232;63.4;197;63.3;194;66.2;207;https://www.swedishbulls.com/SignalPage.aspx?lang=en&Ticker=FRISQ.ST;13.7034
ORIF.ST;ORIFLAME HOLDING;47.6;129;53.7;154;55.8;488;52.4;257;https://www.swedishbulls.com/SignalPage.aspx?lang=en&Ticker=ORIF.ST;13.4668
EKTA-B.ST;ELEKTA B;82.4;135;72.7;161;70.4;242;75.2;179;https://www.swedishbulls.com/SignalPage.aspx?lang=en&Ticker=EKTA-B.ST;13.4608
HOVD.ST;HOVDING SVERIGE;64.7;111;57.1;132;52.2;454;58;232;https://www.swedishbulls.com/SignalPage.aspx?lang=en&Ticker=HOVD.ST;13.456
VITR.ST;VITROLIFE;57.9;102;57.6;157;65.8;408;60.4;222;https://www.swedishbulls.com/SignalPage.aspx?lang=en&Ticker=VITR.ST;13.4088
KOBR MTFB;KOPPARBERGS B;66.7;150;59;180;59.7;319;61.8;216;https://www.swedishbulls.com/SignalPage.aspx?lang=en&Ticker=KOBR MTFB;13.3488
NOLA-B.ST;NOLATO B;52.4;159;53.7;211;64.8;332;57;234;https://www.swedishbulls.com/SignalPage.aspx?lang=en&Ticker=NOLA-B.ST;13.338
TCT.ST;TCT TECH SWEDEN;87.5;146;59.4;115;54.7;333;67.2;198;https://www.swedishbulls.com/SignalPage.aspx?lang=en&Ticker=TCT.ST;13.3056
BERG-B.ST;BERGMAN & BEVING;76.5;134;62.2;177;65.8;274;68.2;195;https://www.swedishbulls.com/SignalPage.aspx?lang=en&Ticker=BERG-B.ST;13.299
PRIME.ST;PRIME LIVING;90;121;65;140;63.6;287;72.9;182;https://www.swedishbulls.com/SignalPage.aspx?lang=en&Ticker=PRIME.ST;13.2678
POLY.ST;POLYPLANK;66.7;119;68.2;131;62.2;354;65.7;201;https://www.swedishbulls.com/SignalPage.aspx?lang=en&Ticker=POLY.ST;13.2057
CRWN;CROWN ENERGY;78.6;111;62.5;213;57.1;274;66.1;199;https://www.swedishbulls.com/SignalPage.aspx?lang=en&Ticker=CRWN;13.1539
BUFAB.ST;BUFAB;71.4;122;63.4;169;63.3;306;66;199;https://www.swedishbulls.com/SignalPage.aspx?lang=en&Ticker=BUFAB.ST;13.134
LOOM-B.ST;LOOMIS B;64.7;139;63.6;159;70.1;296;66.1;198;https://www.swedishbulls.com/SignalPage.aspx?lang=en&Ticker=LOOM-B.ST;13.0878
EVO.ST;EVOLUTION GAMING GROUP;59.1;115;60.5;171;67.9;339;62.5;208;https://www.swedishbulls.com/SignalPage.aspx?lang=en&Ticker=EVO.ST;13
TETY.ST;TETHYS OIL;57.9;123;63.6;181;63.1;331;61.5;211;https://www.swedishbulls.com/SignalPage.aspx?lang=en&Ticker=TETY.ST;12.9765
BEGR.ST;BE GROUP;52.6;122;56.8;209;55.4;379;54.9;236;https://www.swedishbulls.com/SignalPage.aspx?lang=en&Ticker=BEGR.ST;12.9564
ENRO-PREF.ST;ENIRO PRF;57.1;118;56.2;252;58.5;310;57.3;226;https://www.swedishbulls.com/SignalPage.aspx?lang=en&Ticker=ENRO-PREF.ST;12.9498
MSAB-B.ST;MICRO SYSTEMATION B;54.5;137;56.5;181;58.6;366;56.5;228;https://www.swedishbulls.com/SignalPage.aspx?lang=en&Ticker=MSAB-B.ST;12.882
PCAT.ST;PHOTOCAT;100;101;68.2;128;68.1;261;78.8;163;https://www.swedishbulls.com/SignalPage.aspx?lang=en&Ticker=PCAT.ST;12.8444
STAR-B.ST;STARBREEZE B;61.9;155;60.5;152;60.6;325;61;210;https://www.swedishbulls.com/SignalPage.aspx?lang=en&Ticker=STAR-B.ST;12.81
ONCO.ST;ONCOPEPTIDES;66.7;148;58.6;239;58.6;239;61.3;208;https://www.swedishbulls.com/SignalPage.aspx?lang=en&Ticker=ONCO.ST;12.7504
SSM.ST;SSM HOLDING;76.5;186;65.2;183;65.2;183;69;184;https://www.swedishbulls.com/SignalPage.aspx?lang=en&Ticker=SSM.ST;12.696
TANGI.ST;TANGIAMO TOUCH TECHNOLOGY;75;154;65.4;201;65.4;201;68.6;185;https://www.swedishbulls.com/SignalPage.aspx?lang=en&Ticker=TANGI.ST;12.691
DCAR-B.ST;D CARNEGIE & CO B;76.5;109;79.3;128;80;246;78.6;161;https://www.swedishbulls.com/SignalPage.aspx?lang=en&Ticker=DCAR-B.ST;12.6546
DORO.ST;DORO;76.9;120;66.7;148;71;262;71.5;176;https://www.swedishbulls.com/SignalPage.aspx?lang=en&Ticker=DORO.ST;12.584
IPCO.ST;INTERNATIONAL PETROLEUM CORPORATION;73.3;138;77.8;178;77.8;178;76.3;164;https://www.swedishbulls.com/SignalPage.aspx?lang=en&Ticker=IPCO.ST;12.5132
SAAB-B.ST;SAAB B;64.7;112;75.8;187;64;251;68.2;183;https://www.swedishbulls.com/SignalPage.aspx?lang=en&Ticker=SAAB-B.ST;12.4806
INWI.ST;INWIDO;80;125;75.8;155;66.7;223;74.2;167;https://www.swedishbulls.com/SignalPage.aspx?lang=en&Ticker=INWI.ST;12.3914
INDT.ST;INDUTRADE;69.2;108;78.3;159;77.4;225;75;164;https://www.swedishbulls.com/SignalPage.aspx?lang=en&Ticker=INDT.ST;12.3
DOME.ST;DOME ENERGY;52.9;119;53.8;160;58;395;54.9;224;https://www.swedishbulls.com/SignalPage.aspx?lang=en&Ticker=DOME.ST;12.2976
GARO.ST;GARO;68.4;128;64.9;145;60.9;294;64.7;189;https://www.swedishbulls.com/SignalPage.aspx?lang=en&Ticker=GARO.ST;12.2283
STIL.ST;STILLE;41.2;119;58.1;168;60;400;53.1;229;https://www.swedishbulls.com/SignalPage.aspx?lang=en&Ticker=STIL.ST;12.1599
MOB.ST;MOBERG PHARMA;78.6;130;67.6;118;66.7;266;71;171;https://www.swedishbulls.com/SignalPage.aspx?lang=en&Ticker=MOB.ST;12.141
ERIC-B.ST;ERICSSON B;80;125;75.8;167;62.7;206;72.8;166;https://www.swedishbulls.com/SignalPage.aspx?lang=en&Ticker=ERIC-B.ST;12.0848
ALIV-SDB.ST;AUTOLIV SDR;69.6;144;68.6;163;63.6;230;67.3;179;https://www.swedishbulls.com/SignalPage.aspx?lang=en&Ticker=ALIV-SDB.ST;12.0467
TROAX.ST;TROAX GROUP;63.2;110;68.6;177;56.3;290;62.7;192;https://www.swedishbulls.com/SignalPage.aspx?lang=en&Ticker=TROAX.ST;12.0384
SWEC-B.ST;SWECO B;82.6;133;72.1;147;65.4;210;73.4;163;https://www.swedishbulls.com/SignalPage.aspx?lang=en&Ticker=SWEC-B.ST;11.9642
ELTEL.ST;ELTEL;68.8;116;72.2;202;63.2;209;68.1;175;https://www.swedishbulls.com/SignalPage.aspx?lang=en&Ticker=ELTEL.ST;11.9175
LUC.ST;LUCARA DIAMOND;60.9;138;58.1;165;65.3;280;61.4;194;https://www.swedishbulls.com/SignalPage.aspx?lang=en&Ticker=LUC.ST;11.9116
MSON-B.ST;MIDSONA B;71.4;146;62.2;155;61.2;247;64.9;182;https://www.swedishbulls.com/SignalPage.aspx?lang=en&Ticker=MSON-B.ST;11.8118
LEX.ST;LEXINGTON COMPANY;60.9;141;58.8;181;56.7;279;58.8;200;https://www.swedishbulls.com/SignalPage.aspx?lang=en&Ticker=LEX.ST;11.76
SMF.ST;SEMAFO;73.3;126;59.5;119;60.9;302;64.6;182;https://www.swedishbulls.com/SignalPage.aspx?lang=en&Ticker=SMF.ST;11.7572
RATO-A.ST;RATOS A;75;130;63.9;146;64.3;244;67.7;173;https://www.swedishbulls.com/SignalPage.aspx?lang=en&Ticker=RATO-A.ST;11.7121
IVSO.ST;INVISIO COMMUNICATIONS;71.4;105;64.3;190;60.6;239;65.4;178;https://www.swedishbulls.com/SignalPage.aspx?lang=en&Ticker=IVSO.ST;11.6412
BIOVIC-B.ST;BIOVICA INTERNATIONAL;78.6;110;80;164;80;164;79.5;146;https://www.swedishbulls.com/SignalPage.aspx?lang=en&Ticker=BIOVIC-B.ST;11.607
SDOS.ST;SCANDIDOS;62.5;145;61.3;248;48.5;214;57.4;202;https://www.swedishbulls.com/SignalPage.aspx?lang=en&Ticker=SDOS.ST;11.5948
CINN.ST;CINNO FIN TECH;66.7;124;63.9;133;64.7;279;65.1;178;https://www.swedishbulls.com/SignalPage.aspx?lang=en&Ticker=CINN.ST;11.5878
ACM.ST;A CITY MEDIA;62.5;157;50;151;48.4;340;53.6;216;https://www.swedishbulls.com/SignalPage.aspx?lang=en&Ticker=ACM.ST;11.5776
KONT.ST;KONTIGO CARE;71.4;124;65.5;164;65.9;226;67.6;171;https://www.swedishbulls.com/SignalPage.aspx?lang=en&Ticker=KONT.ST;11.5596
MRG.ST;MR GREEN;55.6;113;62.2;168;63.6;293;60.5;191;https://www.swedishbulls.com/SignalPage.aspx?lang=en&Ticker=MRG.ST;11.5555
PDX.ST;PARADOX INTERACTIVE;68.4;167;62.9;185;57.9;198;63.1;183;https://www.swedishbulls.com/SignalPage.aspx?lang=en&Ticker=PDX.ST;11.5473
IRLAB-A.ST;IRLAB THERAPEUTICS;53.3;111;52;275;52;275;52.4;220;https://www.swedishbulls.com/SignalPage.aspx?lang=en&Ticker=IRLAB-A.ST;11.528
RENT.NGM;RENTUNDER HOLDING;72.2;144;77.3;157;77.3;157;75.6;152;https://www.swedishbulls.com/SignalPage.aspx?lang=en&Ticker=RENT.NGM;11.4912
LAGR-B.ST;LAGERCRANTZ GROUP B;66.7;126;70.3;172;62.3;222;66.4;173;https://www.swedishbulls.com/SignalPage.aspx?lang=en&Ticker=LAGR-B.ST;11.4872
CRED-A.ST;CREADES A;57.9;121;69.2;175;64.4;246;63.8;180;https://www.swedishbulls.com/SignalPage.aspx?lang=en&Ticker=CRED-A.ST;11.484
NOBI.ST;NOBIA;78.3;128;62.2;139;69;219;69.8;162;https://www.swedishbulls.com/SignalPage.aspx?lang=en&Ticker=NOBI.ST;11.3076
BELE.ST;BEIJER ELECTRONICS GROUP;81.2;126;61.1;156;65.6;208;69.3;163;https://www.swedishbulls.com/SignalPage.aspx?lang=en&Ticker=BELE.ST;11.2959
43720.ST;MYCRONIC;69.2;146;57.6;119;65.6;265;64.1;176;https://www.swedishbulls.com/SignalPage.aspx?lang=en&Ticker=43720.ST;11.2816
ADDT-B.ST;ADDTECH B;65;125;65.8;143;64.3;253;65;173;https://www.swedishbulls.com/SignalPage.aspx?lang=en&Ticker=ADDT-B.ST;11.245
CAPAC.ST;CAPACENT HOLDING;52.9;138;54.8;147;61.4;314;56.4;199;https://www.swedishbulls.com/SignalPage.aspx?lang=en&Ticker=CAPAC.ST;11.2236
VICP-B.ST;VICTORIA PARK B;64.3;115;60.7;134;60.7;295;61.9;181;https://www.swedishbulls.com/SignalPage.aspx?lang=en&Ticker=VICP-B.ST;11.2039
XMR.ST;XMREALITY;70;136;72.7;167;72.7;167;71.8;156;https://www.swedishbulls.com/SignalPage.aspx?lang=en&Ticker=XMR.ST;11.2008
VBG-B.ST;VBG B;76.9;127;62.5;154;59.1;227;66.2;169;https://www.swedishbulls.com/SignalPage.aspx?lang=en&Ticker=VBG-B.ST;11.1878
SAS.ST;SAS;55.6;125;55.9;217;55.3;263;55.6;201;https://www.swedishbulls.com/SignalPage.aspx?lang=en&Ticker=SAS.ST;11.1756
NOTE.ST;NOTE;58.8;126;58.1;192;55.4;264;57.4;194;https://www.swedishbulls.com/SignalPage.aspx?lang=en&Ticker=NOTE.ST;11.1356
AZN.ST;ASTRAZENECA;75;108;65.6;150;65.2;229;68.6;162;https://www.swedishbulls.com/SignalPage.aspx?lang=en&Ticker=AZN.ST;11.1132
PNDX-B.ST;PANDOX;85.7;127;81.2;136;70;159;79;140;https://www.swedishbulls.com/SignalPage.aspx?lang=en&Ticker=PNDX-B.ST;11.06
UNIBAP.ST;UNIBAP;47.4;122;55.2;255;55.2;255;52.6;210;https://www.swedishbulls.com/SignalPage.aspx?lang=en&Ticker=UNIBAP.ST;11.046
KLAR.ST;KLARIA PHARMA;66.7;135;62.5;143;58.8;250;62.7;176;https://www.swedishbulls.com/SignalPage.aspx?lang=en&Ticker=KLAR.ST;11.0352
ELN.ST;ELLEN;50;262;50;269;43.4;154;47.8;228;https://www.swedishbulls.com/SignalPage.aspx?lang=en&Ticker=ELN.ST;10.8984
KAN.ST;KANCERA;64.7;141;60;177;57.6;221;60.8;179;https://www.swedishbulls.com/SignalPage.aspx?lang=en&Ticker=KAN.ST;10.8832
SIMRIS-B.ST;SIMRIS ALG;62.5;163;48.5;163;57.1;258;56;194;https://www.swedishbulls.com/SignalPage.aspx?lang=en&Ticker=SIMRIS-B.ST;10.864
EOS.ST;EOS RUSSIA;62.5;108;69;161;69.6;217;67;162;https://www.swedishbulls.com/SignalPage.aspx?lang=en&Ticker=EOS.ST;10.854
FPAR.ST;FAST PARTNER;66.7;110;60.5;127;66.2;268;64.5;168;https://www.swedishbulls.com/SignalPage.aspx?lang=en&Ticker=FPAR.ST;10.836
AVT-B.ST;AVTECH SWEDEN;77.8;117;65.8;215;50.6;170;64.7;167;https://www.swedishbulls.com/SignalPage.aspx?lang=en&Ticker=AVT-B.ST;10.8049
AGES-B.ST;AGES INDUSTRI;100;101;85;142;63.6;148;82.9;130;https://www.swedishbulls.com/SignalPage.aspx?lang=en&Ticker=AGES-B.ST;10.777
RECI-B.ST;RECIPHARM AB;63.6;127;57.9;144;63.9;248;61.8;173;https://www.swedishbulls.com/SignalPage.aspx?lang=en&Ticker=RECI-B.ST;10.6914
BOL.ST;BOLIDEN;75;125;72.2;124;62.2;212;69.8;153;https://www.swedishbulls.com/SignalPage.aspx?lang=en&Ticker=BOL.ST;10.6794
PEAB-B.ST;PEAB B;66.7;145;60.6;180;56.3;197;61.2;174;https://www.swedishbulls.com/SignalPage.aspx?lang=en&Ticker=PEAB-B.ST;10.6488
CONS-B.ST;CONSILIUM B;70.6;125;58.1;131;63.5;242;64.1;166;https://www.swedishbulls.com/SignalPage.aspx?lang=en&Ticker=CONS-B.ST;10.6406
CYXO.ST;CYXONE;58.3;167;50;192;51.8;240;53.4;199;https://www.swedishbulls.com/SignalPage.aspx?lang=en&Ticker=CYXO.ST;10.6266
TCC.ST;TC CONNECT;81.2;158;68.4;141;68.4;141;72.7;146;https://www.swedishbulls.com/SignalPage.aspx?lang=en&Ticker=TCC.ST;10.6142
BIOG-B.ST;BIOGAIA B;55;130;57.1;168;61.8;252;58;183;https://www.swedishbulls.com/SignalPage.aspx?lang=en&Ticker=BIOG-B.ST;10.614
KABE-B.ST;KABE HUSVAGNAR B;52.6;103;65.8;152;58.8;284;59.1;179;https://www.swedishbulls.com/SignalPage.aspx?lang=en&Ticker=KABE-B.ST;10.5789
KIND-SDB.ST;KINDRED GROUP SDR;57.1;126;59;145;63;260;59.7;177;https://www.swedishbulls.com/SignalPage.aspx?lang=en&Ticker=KIND-SDB.ST;10.5669
KNOW.ST;KNOW IT;68.4;139;62.8;142;50.7;241;60.6;174;https://www.swedishbulls.com/SignalPage.aspx?lang=en&Ticker=KNOW.ST;10.5444
MERT-A.NGM;MERTIVA;41.7;115;40;161;50;446;43.9;240;https://www.swedishbulls.com/SignalPage.aspx?lang=en&Ticker=MERT-A.NGM;10.536
ACAN-B.ST;ACANDO;58.8;113;64.9;139;61.9;258;61.9;170;https://www.swedishbulls.com/SignalPage.aspx?lang=en&Ticker=ACAN-B.ST;10.523
ARCM.ST;ARCAM;63.6;105;59.3;107;61.5;301;61.5;171;https://www.swedishbulls.com/SignalPage.aspx?lang=en&Ticker=ARCM.ST;10.5165
KINV-A.ST;KINNEVIK A;66.7;116;65.7;152;67.2;206;66.5;158;https://www.swedishbulls.com/SignalPage.aspx?lang=en&Ticker=KINV-A.ST;10.507
GHUS-B.ST;GOTENEHUS GROUP B;55.6;142;58.3;181;58.1;226;57.3;183;https://www.swedishbulls.com/SignalPage.aspx?lang=en&Ticker=GHUS-B.ST;10.4859
SVOL-B.ST;SVOLDER B;70;102;66.7;131;63.2;240;66.6;157;https://www.swedishbulls.com/SignalPage.aspx?lang=en&Ticker=SVOL-B.ST;10.4562
ARP.ST;ARCTIC PAPER;70;132;61.8;146;62.1;207;64.6;161;https://www.swedishbulls.com/SignalPage.aspx?lang=en&Ticker=ARP.ST;10.4006
DIST.ST;DISTIT;64.3;119;61.5;130;56.5;266;60.8;171;https://www.swedishbulls.com/SignalPage.aspx?lang=en&Ticker=DIST.ST;10.3968
COOR.ST;COOR SERVICE MANAGEMENT;61.1;126;63.2;150;58.8;236;61;170;https://www.swedishbulls.com/SignalPage.aspx?lang=en&Ticker=COOR.ST;10.37
NUE.ST;NUEVOLUTION;57.1;151;46.2;141;52.6;305;52;199;https://www.swedishbulls.com/SignalPage.aspx?lang=en&Ticker=NUE.ST;10.348
HIQ.ST;HIQ INTERNATIONAL;60.9;113;65.9;140;64.6;233;63.8;162;https://www.swedishbulls.com/SignalPage.aspx?lang=en&Ticker=HIQ.ST;10.3356
MACK-B.ST;MACKMYRA SVENSK WHISKEY B;63.2;132;57.6;229;44.9;202;55.2;187;https://www.swedishbulls.com/SignalPage.aspx?lang=en&Ticker=MACK-B.ST;10.3224
INVE-B.ST;INVESTOR B;70.6;115;72.7;138;66.7;188;70;147;https://www.swedishbulls.com/SignalPage.aspx?lang=en&Ticker=INVE-B.ST;10.29
FEEL.ST;FEELGOOD SVENSKA;37.5;95;47.2;120;50;470;44.9;228;https://www.swedishbulls.com/SignalPage.aspx?lang=en&Ticker=FEEL.ST;10.2372
ELUX-A.ST;ELECTROLUX A;71.4;108;75;132;73.4;178;73.3;139;https://www.swedishbulls.com/SignalPage.aspx?lang=en&Ticker=ELUX-A.ST;10.1887
WIHL.ST;WIHLBORGS FASTIGHETER;75;103;75;133;71;179;73.7;138;https://www.swedishbulls.com/SignalPage.aspx?lang=en&Ticker=WIHL.ST;10.1706
PALS-B.ST;PALLAS GROUP;62.5;142;65.2;166;65.2;166;64.3;158;https://www.swedishbulls.com/SignalPage.aspx?lang=en&Ticker=PALS-B.ST;10.1594
MTG-B.ST;MODERN TIMES GROUP MTG B;65;127;64.3;137;65.9;204;65.1;156;https://www.swedishbulls.com/SignalPage.aspx?lang=en&Ticker=MTG-B.ST;10.1556
ADDERA.ST;ADDERACARE;72.2;117;74.2;155;71.9;147;72.8;139;https://www.swedishbulls.com/SignalPage.aspx?lang=en&Ticker=ADDERA.ST;10.1192
PACT.ST;PROACT IT GROUP;60.9;136;55.8;157;56.2;232;57.6;175;https://www.swedishbulls.com/SignalPage.aspx?lang=en&Ticker=PACT.ST;10.08
NDX.ST;NORDAX GROUP;50;128;65.7;140;65.7;230;60.5;166;https://www.swedishbulls.com/SignalPage.aspx?lang=en&Ticker=NDX.ST;10.043
43825.ST;I.A.R SYSTEMS GROUP;66.7;123;68;132;64.9;199;66.5;151;https://www.swedishbulls.com/SignalPage.aspx?lang=en&Ticker=43825.ST;10.0415
FING-B.ST;FINGERPRINT CARDS B;54.5;114;51.4;126;56.5;316;54.1;185;https://www.swedishbulls.com/SignalPage.aspx?lang=en&Ticker=FING-B.ST;10.0085
ORES.ST;INVESTMENT OERESUND;72.2;115;66.7;125;62.5;208;67.1;149;https://www.swedishbulls.com/SignalPage.aspx?lang=en&Ticker=ORES.ST;9.9979
ADVE.ST;ADVENICA;55;125;56.4;154;58.6;248;56.7;175;https://www.swedishbulls.com/SignalPage.aspx?lang=en&Ticker=ADVE.ST;9.9225
JAYS.ST;JAYS;45.5;159;40;251;40;301;41.8;237;https://www.swedishbulls.com/SignalPage.aspx?lang=en&Ticker=JAYS.ST;9.9066
NMAN.ST;NEDERMAN HOLDING;61.1;127;66.7;141;62.3;200;63.4;156;https://www.swedishbulls.com/SignalPage.aspx?lang=en&Ticker=NMAN.ST;9.8904
ALELIO.ST;ALELION ENERGY SYSTEMS;83.3;160;58.8;162;56.5;127;66.2;149;https://www.swedishbulls.com/SignalPage.aspx?lang=en&Ticker=ALELIO.ST;9.8638
MTG-A.ST;MTG A;72.2;134;72.2;154;52.6;163;65.7;150;https://www.swedishbulls.com/SignalPage.aspx?lang=en&Ticker=MTG-A.ST;9.855
ALIG.ST;ALIMAK GROUP;63.2;105;65.6;129;64.1;225;64.3;153;https://www.swedishbulls.com/SignalPage.aspx?lang=en&Ticker=ALIG.ST;9.8379
GENO.ST;GENOVIS B;73.3;156;55.2;172;44.8;184;57.8;170;https://www.swedishbulls.com/SignalPage.aspx?lang=en&Ticker=GENO.ST;9.826
CTM.ST;CATENA MEDIA;50;147;47.2;173;51.5;274;49.6;198;https://www.swedishbulls.com/SignalPage.aspx?lang=en&Ticker=CTM.ST;9.8208
FABG.ST;FABEGE AB;78.9;124;54.1;134;58.4;202;63.8;153;https://www.swedishbulls.com/SignalPage.aspx?lang=en&Ticker=FABG.ST;9.7614
MVIR-B.ST;MEDIVIR B;64.3;96;72.4;136;60.9;214;65.9;148;https://www.swedishbulls.com/SignalPage.aspx?lang=en&Ticker=MVIR-B.ST;9.7532
ALON-B.NGM;ARCHELON;75;117;72.7;129;62.7;173;70.1;139;https://www.swedishbulls.com/SignalPage.aspx?lang=en&Ticker=ALON-B.NGM;9.7439
NETI-B.ST;NET INSIGHT B;63.2;142;58.5;157;53.2;204;58.3;167;https://www.swedishbulls.com/SignalPage.aspx?lang=en&Ticker=NETI-B.ST;9.7361
LUMI.ST;LUNDIN MINING;52.4;164;54.8;189;54.8;189;54;180;https://www.swedishbulls.com/SignalPage.aspx?lang=en&Ticker=LUMI.ST;9.72
CLEMO.ST;CLEAN MOTION;61.5;140;54.8;186;53.2;191;56.5;172;https://www.swedishbulls.com/SignalPage.aspx?lang=en&Ticker=CLEMO.ST;9.718
MIPS.ST;MIPS;70.6;126;68;149;68;149;68.9;141;https://www.swedishbulls.com/SignalPage.aspx?lang=en&Ticker=MIPS.ST;9.7149
VOLV-A.ST;VOLVO A;66.7;106;64.7;126;66.7;211;66;147;https://www.swedishbulls.com/SignalPage.aspx?lang=en&Ticker=VOLV-A.ST;9.702
LUND-B.ST;LUNDBERGFORETAGEN B;68.4;102;72.7;125;69.8;187;70.3;138;https://www.swedishbulls.com/SignalPage.aspx?lang=en&Ticker=LUND-B.ST;9.7014
NET-B.ST;NETENT;52.6;133;48.6;153;57.5;264;52.9;183;https://www.swedishbulls.com/SignalPage.aspx?lang=en&Ticker=NET-B.ST;9.6807
HOFI.ST;HOIST FINANCE;86.7;139;58.6;143;53.7;156;66.3;146;https://www.swedishbulls.com/SignalPage.aspx?lang=en&Ticker=HOFI.ST;9.6798
NDA-SEK.ST;NORDEA BANK;73.3;109;65.7;111;68.9;198;69.3;139;https://www.swedishbulls.com/SignalPage.aspx?lang=en&Ticker=NDA-SEK.ST;9.6327
JM.ST;JM;63.2;103;69.7;126;70.1;199;67.7;142;https://www.swedishbulls.com/SignalPage.aspx?lang=en&Ticker=JM.ST;9.6134
AUR.ST;AURIANT MINING;50;90;43.5;47;55.6;443;49.7;193;https://www.swedishbulls.com/SignalPage.aspx?lang=en&Ticker=AUR.ST;9.5921
OP.ST;OSCAR PROPERTIES;64.7;144;56.8;117;55;230;58.8;163;https://www.swedishbulls.com/SignalPage.aspx?lang=en&Ticker=OP.ST;9.5844
XVIVO.ST;XVIVO PERFUS;72.2;115;61.8;134;53.8;211;62.6;153;https://www.swedishbulls.com/SignalPage.aspx?lang=en&Ticker=XVIVO.ST;9.5778
LIAB.ST;LINDAB INTERNATIONAL;73.7;117;60;138;61.6;187;65.1;147;https://www.swedishbulls.com/SignalPage.aspx?lang=en&Ticker=LIAB.ST;9.5697
BEIJ-B.ST;BEIJER REF AB;60;126;68.8;146;64.7;172;64.5;148;https://www.swedishbulls.com/SignalPage.aspx?lang=en&Ticker=BEIJ-B.ST;9.546
BETS-B.ST;BETSSON B;63.2;117;65.9;142;63.9;187;64.3;148;https://www.swedishbulls.com/SignalPage.aspx?lang=en&Ticker=BETS-B.ST;9.5164
IVISYS.ST;IVISYS;55;165;56.4;215;55.4;133;55.6;171;https://www.swedishbulls.com/SignalPage.aspx?lang=en&Ticker=IVISYS.ST;9.5076
AINO.ST;AINO HEALTH;53.3;187;47.1;201;45.7;198;48.7;195;https://www.swedishbulls.com/SignalPage.aspx?lang=en&Ticker=AINO.ST;9.4965
SUSW.ST;SURGICAL SCIENCE SWEDEN;77.8;113;75;131;75;131;75.9;125;https://www.swedishbulls.com/SignalPage.aspx?lang=en&Ticker=SUSW.ST;9.4875
KLOV-B.ST;KLOVERN B;61.9;97;74.2;134;69.8;184;68.6;138;https://www.swedishbulls.com/SignalPage.aspx?lang=en&Ticker=KLOV-B.ST;9.4668
ARISE.ST;ARISE AB;52.6;131;56.8;159;53.5;233;54.3;174;https://www.swedishbulls.com/SignalPage.aspx?lang=en&Ticker=ARISE.ST;9.4482
STE-A.ST;STORA ENSO A;65.2;126;61.2;139;62.1;187;62.8;150;https://www.swedishbulls.com/SignalPage.aspx?lang=en&Ticker=STE-A.ST;9.42
GUNN.ST;GUNNEBO;70.6;135;62.2;148;56.2;166;63;149;https://www.swedishbulls.com/SignalPage.aspx?lang=en&Ticker=GUNN.ST;9.387
CAT-A.ST;CATELLA A;75;129;57.6;142;60;164;64.2;145;https://www.swedishbulls.com/SignalPage.aspx?lang=en&Ticker=CAT-A.ST;9.309
PROF-B.ST;PROFILGRUPPEN B;52.6;121;53.7;124;54.1;276;53.5;173;https://www.swedishbulls.com/SignalPage.aspx?lang=en&Ticker=PROF-B.ST;9.2555
SBB-B.ST;SAMHALLSBYGGNADSBOLAGET I NORDEN;50;111;57.1;149;51.3;267;52.8;175;https://www.swedishbulls.com/SignalPage.aspx?lang=en&Ticker=SBB-B.ST;9.24
LAMM-B.ST;LAMMHULTS DESIGN GROUP B;87.5;116;65.8;114;55;170;69.4;133;https://www.swedishbulls.com/SignalPage.aspx?lang=en&Ticker=LAMM-B.ST;9.2302
SOBI.ST;SWEDISH ORPHAN BIOVITRUM;86.7;119;64.9;119;59.5;155;70.4;131;https://www.swedishbulls.com/SignalPage.aspx?lang=en&Ticker=SOBI.ST;9.2224
TRAC-B.ST;TRACTION B;57.9;106;55.3;144;59.4;231;57.5;160;https://www.swedishbulls.com/SignalPage.aspx?lang=en&Ticker=TRAC-B.ST;9.2
ENZY.ST;ENZYMATICA;50;139;56.8;153;54.1;223;53.6;171;https://www.swedishbulls.com/SignalPage.aspx?lang=en&Ticker=ENZY.ST;9.1656
CLX.ST;CLX COMMUNICATIONS;50;142;50;159;48.4;254;49.5;185;https://www.swedishbulls.com/SignalPage.aspx?lang=en&Ticker=CLX.ST;9.1575
BORG.ST;BJORN BORG;56.2;138;56.2;138;53;224;55.1;166;https://www.swedishbulls.com/SignalPage.aspx?lang=en&Ticker=BORG.ST;9.1466
SHB-B.ST;HANDELSBANKEN B;65.2;117;69.2;123;68.8;165;67.7;135;https://www.swedishbulls.com/SignalPage.aspx?lang=en&Ticker=SHB-B.ST;9.1395
XESC.ST;DBX ES50 DR 1C ETF;100;112;71.4;110;75;112;82.1;111;https://www.swedishbulls.com/SignalPage.aspx?lang=en&Ticker=XESC.ST;9.1131
NCC-A.ST;NCC A;71.4;108;69.8;140;61.2;159;67.5;135;https://www.swedishbulls.com/SignalPage.aspx?lang=en&Ticker=NCC-A.ST;9.1125
INDU-C.ST;INDUSTRIVARDEN C;75;114;64.7;127;61.1;169;66.9;136;https://www.swedishbulls.com/SignalPage.aspx?lang=en&Ticker=INDU-C.ST;9.0984
TEL2-A.ST;TELE2 A;63.2;106;65.7;114;69.9;192;66.3;137;https://www.swedishbulls.com/SignalPage.aspx?lang=en&Ticker=TEL2-A.ST;9.0831
NIBE-B.ST;NIBE INDUSTRIER B;62.5;112;61.8;146;57.6;189;60.6;149;https://www.swedishbulls.com/SignalPage.aspx?lang=en&Ticker=NIBE-B.ST;9.0294
VOLV-B.ST;VOLVO B;62.5;116;62.5;126;58.5;199;61.2;147;https://www.swedishbulls.com/SignalPage.aspx?lang=en&Ticker=VOLV-B.ST;8.9964
MATRA.ST;MATRA PETROLEUM;46.7;130;56.5;189;56.5;189;53.2;169;https://www.swedishbulls.com/SignalPage.aspx?lang=en&Ticker=MATRA.ST;8.9908
DOM.ST;DOMETIC GROUP;58.3;112;66.7;138;64.9;178;63.3;142;https://www.swedishbulls.com/SignalPage.aspx?lang=en&Ticker=DOM.ST;8.9886
DRIL.ST;DRILLCON;52.6;133;51.7;165;52.5;216;52.3;171;https://www.swedishbulls.com/SignalPage.aspx?lang=en&Ticker=DRIL.ST;8.9433
TOBIN.ST;TOBIN PROPERTIES;57.1;151;56.2;168;55.3;158;56.2;159;https://www.swedishbulls.com/SignalPage.aspx?lang=en&Ticker=TOBIN.ST;8.9358
SVIK.ST;STUDSVIK;60;107;48.6;110;46.7;301;51.8;172;https://www.swedishbulls.com/SignalPage.aspx?lang=en&Ticker=SVIK.ST;8.9096
EWRK.ST;EWORK GROUP;60.9;111;59.6;135;58.2;202;59.6;149;https://www.swedishbulls.com/SignalPage.aspx?lang=en&Ticker=EWRK.ST;8.8804
CLBIO.ST;CORLINE BIOMED;52.9;106;48.6;121;51.4;295;51;174;https://www.swedishbulls.com/SignalPage.aspx?lang=en&Ticker=CLBIO.ST;8.874
NOBINA.ST;NOBINA;50;124;51.4;150;54.4;237;51.9;170;https://www.swedishbulls.com/SignalPage.aspx?lang=en&Ticker=NOBINA.ST;8.823
ALLG-B.ST;ALLGON B;70;110;59.1;119;51;213;60;147;https://www.swedishbulls.com/SignalPage.aspx?lang=en&Ticker=ALLG-B.ST;8.82
STE-R.ST;STORA ENSO R;63.2;131;55.8;132;58.2;186;59.1;149;https://www.swedishbulls.com/SignalPage.aspx?lang=en&Ticker=STE-R.ST;8.8059
OBDU-B.NGM;OBDUCAT B;66.7;112;56.2;128;53.1;211;58.7;150;https://www.swedishbulls.com/SignalPage.aspx?lang=en&Ticker=OBDU-B.NGM;8.805
GETI-B.ST;GETINGE B;78.6;125;58.8;138;55.1;149;64.2;137;https://www.swedishbulls.com/SignalPage.aspx?lang=en&Ticker=GETI-B.ST;8.7954
SECU-B.ST;SECURITAS B;76.5;114;67.7;128;63.1;141;69.1;127;https://www.swedishbulls.com/SignalPage.aspx?lang=en&Ticker=SECU-B.ST;8.7757
UTG.ST;UNLIMITED TRAVEL GROUP;53.3;125;51.7;146;52.4;230;52.5;167;https://www.swedishbulls.com/SignalPage.aspx?lang=en&Ticker=UTG.ST;8.7675
ALCA.ST;ALCADON GROUP;85.7;112;59.3;127;58.5;148;67.8;129;https://www.swedishbulls.com/SignalPage.aspx?lang=en&Ticker=ALCA.ST;8.7462
OPUS.ST;OPUS GROUP;66.7;109;48.3;108;50;261;55;159;https://www.swedishbulls.com/SignalPage.aspx?lang=en&Ticker=OPUS.ST;8.745
ACAD.ST;ACADEMEDIA;50;120;58.8;142;64.6;192;57.8;151;https://www.swedishbulls.com/SignalPage.aspx?lang=en&Ticker=ACAD.ST;8.7278
VIT-B.ST;VITEC SOFTWARE GROUP B;61.9;112;54.1;133;53.7;218;56.6;154;https://www.swedishbulls.com/SignalPage.aspx?lang=en&Ticker=VIT-B.ST;8.7164
SEZI.ST;SENZIME;50;115;50;114;54.7;275;51.6;168;https://www.swedishbulls.com/SignalPage.aspx?lang=en&Ticker=SEZI.ST;8.6688
SKF-A.ST;SKF A;68.2;117;60;137;55.8;169;61.3;141;https://www.swedishbulls.com/SignalPage.aspx?lang=en&Ticker=SKF-A.ST;8.6433
GPX.ST;GASPOROX;55.6;134;52.6;168;52.4;183;53.5;161;https://www.swedishbulls.com/SignalPage.aspx?lang=en&Ticker=GPX.ST;8.6135
XACT-SMABOLAG.ST;XACT SVENSKA SMABOLAG UCITS ETF;78.6;108;66.7;119;64.5;144;69.9;123;https://www.swedishbulls.com/SignalPage.aspx?lang=en&Ticker=XACT-SMABOLAG.ST;8.5977
OEM-B.ST;OEM INTERNATIONAL B;68.8;111;61.1;135;56.9;170;62.3;138;https://www.swedishbulls.com/SignalPage.aspx?lang=en&Ticker=OEM-B.ST;8.5974
AROC.ST;AROCELL;72.2;125;53.5;141;52;171;59.2;145;https://www.swedishbulls.com/SignalPage.aspx?lang=en&Ticker=AROC.ST;8.584
BULTEN.ST;BULTEN;46.7;106;68.6;149;58.7;190;58;148;https://www.swedishbulls.com/SignalPage.aspx?lang=en&Ticker=BULTEN.ST;8.584
KLED.ST;KUNGSLEDEN;73.3;104;66.7;124;63.8;151;67.9;126;https://www.swedishbulls.com/SignalPage.aspx?lang=en&Ticker=KLED.ST;8.5554
AVEN.ST;AVENSIA;60;125;60.7;124;52.5;195;57.7;148;https://www.swedishbulls.com/SignalPage.aspx?lang=en&Ticker=AVEN.ST;8.5396
TIEN.ST;TIETO;72.2;116;59.5;119;66.2;154;66;129;https://www.swedishbulls.com/SignalPage.aspx?lang=en&Ticker=TIEN.ST;8.514
SKF-B.ST;SKF B;71.4;125;55.9;134;56.4;156;61.2;138;https://www.swedishbulls.com/SignalPage.aspx?lang=en&Ticker=SKF-B.ST;8.4456
CCC.ST;CAVOTEC;61.5;106;53.3;117;58.3;216;57.7;146;https://www.swedishbulls.com/SignalPage.aspx?lang=en&Ticker=CCC.ST;8.4242
ESSITY-B.ST;ESSITY;73.7;114;73.7;114;73.7;114;73.7;114;https://www.swedishbulls.com/SignalPage.aspx?lang=en&Ticker=ESSITY-B.ST;8.4018
SCA-A.ST;SVENSKA CELLULOSA A;57.1;136;47.5;145;57.9;184;54.2;155;https://www.swedishbulls.com/SignalPage.aspx?lang=en&Ticker=SCA-A.ST;8.401
SCA-B.ST;SVENSKA CELLULOSA B;63.2;129;62.2;145;55.4;144;60.3;139;https://www.swedishbulls.com/SignalPage.aspx?lang=en&Ticker=SCA-B.ST;8.3817
MAHA-A.ST;MAHA ENERGY;45;122;59.4;149;60.9;186;55.1;152;https://www.swedishbulls.com/SignalPage.aspx?lang=en&Ticker=MAHA-A.ST;8.3752
THULE.ST;THULE GROUP;70.6;116;61.3;122;59.7;155;63.9;131;https://www.swedishbulls.com/SignalPage.aspx?lang=en&Ticker=THULE.ST;8.3709
EAST.ST;EASTNINE;55.6;136;51.9;136;54.4;193;54;155;https://www.swedishbulls.com/SignalPage.aspx?lang=en&Ticker=EAST.ST;8.37
LUG.ST;LUNDIN GOLD;53.8;108;56.5;128;62.7;200;57.7;145;https://www.swedishbulls.com/SignalPage.aspx?lang=en&Ticker=LUG.ST;8.3665
BONAV-A.ST;BONAVA A;77.8;116;60;121;58.1;149;65.3;128;https://www.swedishbulls.com/SignalPage.aspx?lang=en&Ticker=BONAV-A.ST;8.3584
INDU-A.ST;INDUSTRIVARDEN A;52.9;110;64.5;130;62.7;178;60;139;https://www.swedishbulls.com/SignalPage.aspx?lang=en&Ticker=INDU-A.ST;8.34
AQ.ST;AROS QUALITY;57.1;106;63;119;59.5;194;59.9;139;https://www.swedishbulls.com/SignalPage.aspx?lang=en&Ticker=AQ.ST;8.3261
BACTI-B.ST;BACTIGUARD HOLD;50;110;50;148;56.1;224;52;160;https://www.swedishbulls.com/SignalPage.aspx?lang=en&Ticker=BACTI-B.ST;8.32
ENERS.ST;ENERSIZE;71.4;112;68.8;121;68.8;121;69.7;118;https://www.swedishbulls.com/SignalPage.aspx?lang=en&Ticker=ENERS.ST;8.2246
ABB.ST;ABB LTD N;57.1;108;60;134;57.4;181;58.2;141;https://www.swedishbulls.com/SignalPage.aspx?lang=en&Ticker=ABB.ST;8.2062
SRNKE-B.ST;SERNEKE GROUP;65;120;57.5;140;59.5;147;60.7;135;https://www.swedishbulls.com/SignalPage.aspx?lang=en&Ticker=SRNKE-B.ST;8.1945
VEMF-SDB.ST;VOSTOK EMERGING FINANCE SDR;63.6;118;52;125;55.1;189;56.9;144;https://www.swedishbulls.com/SignalPage.aspx?lang=en&Ticker=VEMF-SDB.ST;8.1936
HOLM-B.ST;HOLMEN B;61.5;121;58.1;136;53.4;169;57.7;142;https://www.swedishbulls.com/SignalPage.aspx?lang=en&Ticker=HOLM-B.ST;8.1934
GREAT.ST;GREATER THAN;53.8;88;52;196;48.8;193;51.5;159;https://www.swedishbulls.com/SignalPage.aspx?lang=en&Ticker=GREAT.ST;8.1885
ENEA.ST;ENEA;60;105;63.6;120;62.5;173;62;132;https://www.swedishbulls.com/SignalPage.aspx?lang=en&Ticker=ENEA.ST;8.184
REJL-B.ST;REJLERS B;52.4;106;57.1;148;56.1;190;55.2;148;https://www.swedishbulls.com/SignalPage.aspx?lang=en&Ticker=REJL-B.ST;8.1696
RTC.ST;RETHINKING CARE SWEDEN;72.7;108;59.3;139;59.3;139;63.8;128;https://www.swedishbulls.com/SignalPage.aspx?lang=en&Ticker=RTC.ST;8.1664
GHP.ST;GHP SPECIALTY CARE;56.2;110;46.7;126;51.6;240;51.5;158;https://www.swedishbulls.com/SignalPage.aspx?lang=en&Ticker=GHP.ST;8.137
HPOL-B.ST;HEXPOL B;60;110;65.7;121;61.7;160;62.5;130;https://www.swedishbulls.com/SignalPage.aspx?lang=en&Ticker=HPOL-B.ST;8.125
LUPE.ST;LUNDIN PETROLEUM;64.7;123;59;113;57.7;168;60.5;134;https://www.swedishbulls.com/SignalPage.aspx?lang=en&Ticker=LUPE.ST;8.107
SAND.ST;SANDVIK;71.4;121;54.8;115;53.3;171;59.8;135;https://www.swedishbulls.com/SignalPage.aspx?lang=en&Ticker=SAND.ST;8.073
COMH.ST;COM HEM HOLDING;66.7;114;57.6;124;55.6;166;60;134;https://www.swedishbulls.com/SignalPage.aspx?lang=en&Ticker=COMH.ST;8.04
HANZA.ST;HANZA HOLDING;73.3;122;52.9;111;52.2;174;59.5;135;https://www.swedishbulls.com/SignalPage.aspx?lang=en&Ticker=HANZA.ST;8.0325
SEB-C.ST;SE BANKEN C;73.7;109;62.2;101;64.8;152;66.9;120;https://www.swedishbulls.com/SignalPage.aspx?lang=en&Ticker=SEB-C.ST;8.028
ERIC-A.ST;ERICSSON A;58.8;111;68.6;128;65.2;136;64.2;125;https://www.swedishbulls.com/SignalPage.aspx?lang=en&Ticker=ERIC-A.ST;8.025
KLOV-A.ST;KLOVERN A;60;103;65.6;134;54.3;162;60;133;https://www.swedishbulls.com/SignalPage.aspx?lang=en&Ticker=KLOV-A.ST;7.98
MCOV-B.ST;MEDICOVER;75;121;64.3;116;64.3;116;67.9;117;https://www.swedishbulls.com/SignalPage.aspx?lang=en&Ticker=MCOV-B.ST;7.9443
XACT-BULL-2.ST;XACT BULL2 ETF;60;104;65.5;112;63.4;162;63;126;https://www.swedishbulls.com/SignalPage.aspx?lang=en&Ticker=XACT-BULL-2.ST;7.938
BALD-B.ST;FASTIGHETS BALDER B;66.7;114;60;123;56.2;153;61;130;https://www.swedishbulls.com/SignalPage.aspx?lang=en&Ticker=BALD-B.ST;7.93
AF-B.ST;AF B;73.9;110;58.1;107;58.2;158;63.4;125;https://www.swedishbulls.com/SignalPage.aspx?lang=en&Ticker=AF-B.ST;7.925
DUST.ST;DUSTIN GROUP;68.4;129;66.7;137;51.8;115;62.3;127;https://www.swedishbulls.com/SignalPage.aspx?lang=en&Ticker=DUST.ST;7.9121
ELAN-B.ST;ELANDERS B;52.9;107;56.4;119;54.7;207;54.7;144;https://www.swedishbulls.com/SignalPage.aspx?lang=en&Ticker=ELAN-B.ST;7.8768
LATO-B.ST;LATOUR INVESTMENT B;60.9;115;53.8;126;57.5;170;57.4;137;https://www.swedishbulls.com/SignalPage.aspx?lang=en&Ticker=LATO-B.ST;7.8638
ATCO-A.ST;ATLAS COPCO A;66.7;119;57.1;119;53.5;161;59.1;133;https://www.swedishbulls.com/SignalPage.aspx?lang=en&Ticker=ATCO-A.ST;7.8603
COLL.ST;COLLECTOR;72.2;122;53.8;102;56.6;164;60.9;129;https://www.swedishbulls.com/SignalPage.aspx?lang=en&Ticker=COLL.ST;7.8561
KAHL.ST;KAPPAHL;60;122;55.8;121;52.5;179;56.1;140;https://www.swedishbulls.com/SignalPage.aspx?lang=en&Ticker=KAHL.ST;7.854
HOLM-A.ST;HOLMEN A;60;131;55.8;138;51.8;152;55.9;140;https://www.swedishbulls.com/SignalPage.aspx?lang=en&Ticker=HOLM-A.ST;7.826
NOKIA-SEK.ST;NOKIA;60;125;51.2;132;51.7;176;54.3;144;https://www.swedishbulls.com/SignalPage.aspx?lang=en&Ticker=NOKIA-SEK.ST;7.8192
HEMF.ST;HEMFOSA FASTIGHETER AB;73.3;108;66.7;128;53.8;127;64.6;121;https://www.swedishbulls.com/SignalPage.aspx?lang=en&Ticker=HEMF.ST;7.8166
NICKE.NGM;NICKEL MOUNTAIN RESOURCES;54.5;122;55.3;153;55.3;153;55;142;https://www.swedishbulls.com/SignalPage.aspx?lang=en&Ticker=NICKE.NGM;7.81
INISS-B.ST;INISSION;54.5;117;51.3;137;51.9;191;52.6;148;https://www.swedishbulls.com/SignalPage.aspx?lang=en&Ticker=INISS-B.ST;7.7848
AGRO.ST;AGROMINO;50;98;50;123;54.1;234;51.4;151;https://www.swedishbulls.com/SignalPage.aspx?lang=en&Ticker=AGRO.ST;7.7614
IVACC.ST;INTERVACC;66.7;113;61.1;128;61.1;128;63;123;https://www.swedishbulls.com/SignalPage.aspx?lang=en&Ticker=IVACC.ST;7.749
SHB-A.ST;SVENSKA HANDELSBANKEN A;75;115;62.9;104;60.8;133;66.2;117;https://www.swedishbulls.com/SignalPage.aspx?lang=en&Ticker=SHB-A.ST;7.7454
PRIC-B.ST;PRICER B;63.2;112;57.6;106;59.2;170;60;129;https://www.swedishbulls.com/SignalPage.aspx?lang=en&Ticker=PRIC-B.ST;7.74
FRNT-B.NGM;FRONTOFFICE NORDIC B;61.9;91;48.8;79;55.9;249;55.5;139;https://www.swedishbulls.com/SignalPage.aspx?lang=en&Ticker=FRNT-B.NGM;7.7145
ITAB-B.ST;ITAB SHOP CONCEPT;57.1;107;60.7;120;61.5;160;59.8;129;https://www.swedishbulls.com/SignalPage.aspx?lang=en&Ticker=ITAB-B.ST;7.7142
SDIP-B.ST;SDIPTECH;70;114;65.4;116;65.4;116;66.9;115;https://www.swedishbulls.com/SignalPage.aspx?lang=en&Ticker=SDIP-B.ST;7.6935
KLOV-PREF.ST;KLOVERN PREF CNV PRF;63.2;105;67.7;118;66.2;130;65.7;117;https://www.swedishbulls.com/SignalPage.aspx?lang=en&Ticker=KLOV-PREF.ST;7.6869
KINV-B.ST;KINNEVIK B;47.1;106;57.1;128;60.6;186;54.9;140;https://www.swedishbulls.com/SignalPage.aspx?lang=en&Ticker=KINV-B.ST;7.686
RATO-B.ST;RATOS B;63.6;105;65.7;115;59.5;147;62.9;122;https://www.swedishbulls.com/SignalPage.aspx?lang=en&Ticker=RATO-B.ST;7.6738
RESURS.ST;RESURS HOLDING;42.1;105;62.5;117;69.8;174;58.1;132;https://www.swedishbulls.com/SignalPage.aspx?lang=en&Ticker=RESURS.ST;7.6692
LLSW-B.ST;LIGHTLAB SWE B;55;143;55.9;171;48.6;120;53.2;144;https://www.swedishbulls.com/SignalPage.aspx?lang=en&Ticker=LLSW-B.ST;7.6608
TREL-B.ST;TRELLEBORG B;53.8;112;54.1;121;63.4;171;57.1;134;https://www.swedishbulls.com/SignalPage.aspx?lang=en&Ticker=TREL-B.ST;7.6514
TERRNT-B.ST;TERRANET HOLDING;53.8;157;50;146;50;146;51.3;149;https://www.swedishbulls.com/SignalPage.aspx?lang=en&Ticker=TERRNT-B.ST;7.6437
AAK.ST;AARHUSKARLSHAMN;56.5;122;55.8;126;58.7;156;57;134;https://www.swedishbulls.com/SignalPage.aspx?lang=en&Ticker=AAK.ST;7.638
REZT.ST;REZIDOR HOTEL GROUP;63.2;125;51.4;116;61;149;58.5;130;https://www.swedishbulls.com/SignalPage.aspx?lang=en&Ticker=REZT.ST;7.605
ATCO-B.ST;ATLAS COPCO B;64.7;104;58.5;123;55.7;156;59.6;127;https://www.swedishbulls.com/SignalPage.aspx?lang=en&Ticker=ATCO-B.ST;7.5692
NEWA-B.ST;NEW WAVE GROUP B;68.4;114;58.1;97;57.8;159;61.4;123;https://www.swedishbulls.com/SignalPage.aspx?lang=en&Ticker=NEWA-B.ST;7.5522
SWMA.ST;SWEDISH MATCH;73.3;112;60.6;116;58.2;127;64;118;https://www.swedishbulls.com/SignalPage.aspx?lang=en&Ticker=SWMA.ST;7.552
RROS.ST;ROTTNEROS;68.8;119;50;133;50;151;56.3;134;https://www.swedishbulls.com/SignalPage.aspx?lang=en&Ticker=RROS.ST;7.5442
PLAZ-B.ST;PLATZER FASTIGHETER;61.1;123;47.1;126;50;180;52.7;143;https://www.swedishbulls.com/SignalPage.aspx?lang=en&Ticker=PLAZ-B.ST;7.5361
XSPX.ST;DB X-TRACKERS S&P 500 ETF;75;111;60.7;109;57.4;131;64.4;117;https://www.swedishbulls.com/SignalPage.aspx?lang=en&Ticker=XSPX.ST;7.5348
INVE-A.ST;INVESTOR A;52.9;113;54.1;122;57.7;176;54.9;137;https://www.swedishbulls.com/SignalPage.aspx?lang=en&Ticker=INVE-A.ST;7.5213
CATE.ST;CATENA;66.7;105;62.5;122;58.6;134;62.6;120;https://www.swedishbulls.com/SignalPage.aspx?lang=en&Ticker=CATE.ST;7.512
BOOZT.ST;BOOZT;53.8;134;57.1;134;57.1;134;56;134;https://www.swedishbulls.com/SignalPage.aspx?lang=en&Ticker=BOOZT.ST;7.504
SEYE.ST;SMART EYE;80;85;71.1;110;71.1;110;74.1;101;https://www.swedishbulls.com/SignalPage.aspx?lang=en&Ticker=SEYE.ST;7.4841
SJR-B.ST;SJR B;62.5;114;55.9;132;55.7;142;58;129;https://www.swedishbulls.com/SignalPage.aspx?lang=en&Ticker=SJR-B.ST;7.482
OBAB.ST;ONLINE BRANDS NORDIC;75;106;50;87;50;191;58.3;128;https://www.swedishbulls.com/SignalPage.aspx?lang=en&Ticker=OBAB.ST;7.4624
BURE.ST;BURE EQUITY;46.2;96;57.6;131;54.7;198;52.8;141;https://www.swedishbulls.com/SignalPage.aspx?lang=en&Ticker=BURE.ST;7.4448
HEXA-B.ST;HEXAGON B;66.7;118;58.1;111;55.2;143;60;124;https://www.swedishbulls.com/SignalPage.aspx?lang=en&Ticker=HEXA-B.ST;7.44
SAGA-A.ST;SAGAX;50;101;50;114;51.8;227;50.6;147;https://www.swedishbulls.com/SignalPage.aspx?lang=en&Ticker=SAGA-A.ST;7.4382
TLSN.ST;TELIA COMPANY;66.7;106;69.7;122;57.3;117;64.6;115;https://www.swedishbulls.com/SignalPage.aspx?lang=en&Ticker=TLSN.ST;7.429
CLEM.ST;CLEMENDO GROUP;71.4;99;53.3;96;53.3;182;59.3;125;https://www.swedishbulls.com/SignalPage.aspx?lang=en&Ticker=CLEM.ST;7.4125
PLED.ST;PLED PHARMA;63.2;122;64.1;116;50.7;138;59.3;125;https://www.swedishbulls.com/SignalPage.aspx?lang=en&Ticker=PLED.ST;7.4125
INTU.ST;INTUITIVE AERIAL;75;158;55.9;133;43.9;91;58.3;127;https://www.swedishbulls.com/SignalPage.aspx?lang=en&Ticker=INTU.ST;7.4041
VNV-SDB.ST;VOSTOK NEW VENTURES SDR;57.1;102;53.8;104;59.4;185;56.8;130;https://www.swedishbulls.com/SignalPage.aspx?lang=en&Ticker=VNV-SDB.ST;7.384
COIC.ST;CONCENTRIC;45.8;117;54.5;131;55.6;180;52;142;https://www.swedishbulls.com/SignalPage.aspx?lang=en&Ticker=COIC.ST;7.384
NGQ.ST;NGEX RESOURCES;45;110;52.6;138;52.6;193;50.1;147;https://www.swedishbulls.com/SignalPage.aspx?lang=en&Ticker=NGQ.ST;7.3647
SWOL-B.ST;SWEDOL B;66.7;103;45.5;107;52.2;192;54.8;134;https://www.swedishbulls.com/SignalPage.aspx?lang=en&Ticker=SWOL-B.ST;7.3432
BUSER.ST;BAMBUSER;70;101;70.8;106;70.8;106;70.5;104;https://www.swedishbulls.com/SignalPage.aspx?lang=en&Ticker=BUSER.ST;7.332
HUFV-A.ST;HUFVUDSTADEN A;70.6;103;57.6;104;62.3;138;63.5;115;https://www.swedishbulls.com/SignalPage.aspx?lang=en&Ticker=HUFV-A.ST;7.3025
BEIA-B.ST;BEIJER ALMA B;50;108;56.8;150;50.7;161;52.5;139;https://www.swedishbulls.com/SignalPage.aspx?lang=en&Ticker=BEIA-B.ST;7.2975
EOLU-B.ST;EOLUS VIND B;57.1;120;48.8;122;56.2;164;54;135;https://www.swedishbulls.com/SignalPage.aspx?lang=en&Ticker=EOLU-B.ST;7.29
CLA-B.ST;CLOETTA B;70.6;115;56.4;100;52.6;148;59.9;121;https://www.swedishbulls.com/SignalPage.aspx?lang=en&Ticker=CLA-B.ST;7.2479
ETX.ST;ETRION;58.8;112;48.5;105;55.7;182;54.3;133;https://www.swedishbulls.com/SignalPage.aspx?lang=en&Ticker=ETX.ST;7.2219
MIDW-B.ST;MIDWAY HOLDING B;69.2;121;58.1;151;42.9;110;56.7;127;https://www.swedishbulls.com/SignalPage.aspx?lang=en&Ticker=MIDW-B.ST;7.2009
SOSIL.NGM;SOTKAMO SILVER;50;98;44.1;74;51.7;272;48.6;148;https://www.swedishbulls.com/SignalPage.aspx?lang=en&Ticker=SOSIL.NGM;7.1928
DUNI.ST;DUNI;57.1;114;52.9;121;59.7;146;56.6;127;https://www.swedishbulls.com/SignalPage.aspx?lang=en&Ticker=DUNI.ST;7.1882
WALL-B.ST;WALLENSTAM B;58.8;102;59.5;115;61.3;143;59.9;120;https://www.swedishbulls.com/SignalPage.aspx?lang=en&Ticker=WALL-B.ST;7.188
ANOD-B.ST;ADDNODE GROUP;46.7;105;51.5;129;55.7;188;51.3;140;https://www.swedishbulls.com/SignalPage.aspx?lang=en&Ticker=ANOD-B.ST;7.182
ATRLJ-B.ST;ATRIUM LJUNGBERG B;61.5;101;58.6;104;62.3;151;60.8;118;https://www.swedishbulls.com/SignalPage.aspx?lang=en&Ticker=ATRLJ-B.ST;7.1744
HIFA-B.ST;HIFA B;50;105;64.1;124;61.8;137;58.6;122;https://www.swedishbulls.com/SignalPage.aspx?lang=en&Ticker=HIFA-B.ST;7.1492
AERO.ST;SVENSKA AEROGEL HOLDING;54.2;145;52.4;120;54.5;134;53.7;133;https://www.swedishbulls.com/SignalPage.aspx?lang=en&Ticker=AERO.ST;7.1421
MIC-SDB.ST;MILLICOM INTERNATIONAL CELLULAR SDR;38.1;94;55.6;117;60.2;207;51.3;139;https://www.swedishbulls.com/SignalPage.aspx?lang=en&Ticker=MIC-SDB.ST;7.1307
ENG.ST;INTERNATIONELLA ENGELSKA SKOLAN I SV;60;130;48.1;134;51.6;140;53.2;134;https://www.swedishbulls.com/SignalPage.aspx?lang=en&Ticker=ENG.ST;7.1288
TEL2-B.ST;TELE2 B;66.7;106;57.4;117;57;131;60.4;118;https://www.swedishbulls.com/SignalPage.aspx?lang=en&Ticker=TEL2-B.ST;7.1272
VICP.ST;VICTORIA PARK;42.1;100;48.6;120;52.2;228;47.6;149;https://www.swedishbulls.com/SignalPage.aspx?lang=en&Ticker=VICP.ST;7.0924
SECARE.ST;SWEDENCARE;50;125;61.3;138;54;123;55.1;128;https://www.swedishbulls.com/SignalPage.aspx?lang=en&Ticker=SECARE.ST;7.0528
SHOT.ST;SCANDIC HOTELS GROUP;52.6;115;51.6;123;47.8;177;50.7;138;https://www.swedishbulls.com/SignalPage.aspx?lang=en&Ticker=SHOT.ST;6.9966
DDM.ST;DDM HOLDING;52.6;110;51.4;145;51.3;152;51.8;135;https://www.swedishbulls.com/SignalPage.aspx?lang=en&Ticker=DDM.ST;6.993
HLDX.ST;HALDEX;54.2;114;48.8;112;53.8;173;52.3;133;https://www.swedishbulls.com/SignalPage.aspx?lang=en&Ticker=HLDX.ST;6.9559
NTEK-B.ST;NOVOTEK B;62.5;114;55.6;149;42.1;127;53.4;130;https://www.swedishbulls.com/SignalPage.aspx?lang=en&Ticker=NTEK-B.ST;6.942
SOF-B.ST;SOFTRONIC B;50;115;50;162;40.6;169;46.9;148;https://www.swedishbulls.com/SignalPage.aspx?lang=en&Ticker=SOF-B.ST;6.9412
XACT-BULL.ST;XACT BULL ETF;61.5;99;54.8;110;57.3;148;57.9;119;https://www.swedishbulls.com/SignalPage.aspx?lang=en&Ticker=XACT-BULL.ST;6.8901
GRNG.ST;GRANGES;58.8;101;61.3;122;52.1;138;57.4;120;https://www.swedishbulls.com/SignalPage.aspx?lang=en&Ticker=GRNG.ST;6.888
NTGRP.NGM;NET TRADING GROUP NTG;50;147;47.1;142;47.1;142;48.1;143;https://www.swedishbulls.com/SignalPage.aspx?lang=en&Ticker=NTGRP.NGM;6.8783
XINT.ST;XINTELA;53.3;103;48.1;109;49.1;200;50.2;137;https://www.swedishbulls.com/SignalPage.aspx?lang=en&Ticker=XINT.ST;6.8774
BONAV-B.ST;BONAVA B;65.2;103;53.7;110;57.1;140;58.7;117;https://www.swedishbulls.com/SignalPage.aspx?lang=en&Ticker=BONAV-B.ST;6.8679
XMEM.ST;DB X-TRACKERS MSCI EM ETF;56.5;114;61.2;113;61.3;118;59.7;115;https://www.swedishbulls.com/SignalPage.aspx?lang=en&Ticker=XMEM.ST;6.8655
AOI.ST;AFRICA OIL;57.1;121;52.4;113;51.2;151;53.6;128;https://www.swedishbulls.com/SignalPage.aspx?lang=en&Ticker=AOI.ST;6.8608
BRAV.ST;BRAVIDA HOLDING;73.7;115;62.2;113;49.4;106;61.8;111;https://www.swedishbulls.com/SignalPage.aspx?lang=en&Ticker=BRAV.ST;6.8598
NP3.ST;NP3 FASTIGHETER;46.7;110;61.3;120;54;153;54;127;https://www.swedishbulls.com/SignalPage.aspx?lang=en&Ticker=NP3.ST;6.858
XACT-OMXSB-UTD.ST;XACT OMXSB Utd ETF;60;105;51.7;106;62.7;145;58.1;118;https://www.swedishbulls.com/SignalPage.aspx?lang=en&Ticker=XACT-OMXSB-UTD.ST;6.8558
AGORA-PREF.ST;AGORA PREF PRF;77.8;106;58.8;105;58.8;105;65.1;105;https://www.swedishbulls.com/SignalPage.aspx?lang=en&Ticker=AGORA-PREF.ST;6.8355
QLRO.ST;QLIRO GROUP;36.8;95;48.7;118;54.8;225;46.8;146;https://www.swedishbulls.com/SignalPage.aspx?lang=en&Ticker=QLRO.ST;6.8328
ICA.ST;ICA GRUPPEN;62.5;96;66.7;107;60.5;122;63.2;108;https://www.swedishbulls.com/SignalPage.aspx?lang=en&Ticker=ICA.ST;6.8256
ODD.ST;ODD MOLLY INTERNATIONAL;50;99;55.6;129;52.9;159;52.8;129;https://www.swedishbulls.com/SignalPage.aspx?lang=en&Ticker=ODD.ST;6.8112
BILI-A.ST;BILIA A;52.4;111;48.6;126;51.9;161;51;132;https://www.swedishbulls.com/SignalPage.aspx?lang=en&Ticker=BILI-A.ST;6.732
AMBEA.ST;AMBEA;60;106;63.3;110;63.3;110;62.2;108;https://www.swedishbulls.com/SignalPage.aspx?lang=en&Ticker=AMBEA.ST;6.7176
PFE.ST;PFIZER;42.9;99;55.6;101;65.2;169;54.6;123;https://www.swedishbulls.com/SignalPage.aspx?lang=en&Ticker=PFE.ST;6.7158
ARCOMA.ST;ARCOMA;52.4;137;51.5;158;41.8;120;48.6;138;https://www.swedishbulls.com/SignalPage.aspx?lang=en&Ticker=ARCOMA.ST;6.7068
INSTAL.ST;INSTALCO INTRESSENTER;53.3;125;52.6;128;52.6;128;52.8;127;https://www.swedishbulls.com/SignalPage.aspx?lang=en&Ticker=INSTAL.ST;6.7056
XACT-BEAR-2.ST;XACT BEAR2 ETF;46.7;120;50;126;57.5;145;51.4;130;https://www.swedishbulls.com/SignalPage.aspx?lang=en&Ticker=XACT-BEAR-2.ST;6.682
NIL-B.ST;NILORNGRUPPEN;60;92;55.8;91;57;167;57.6;116;https://www.swedishbulls.com/SignalPage.aspx?lang=en&Ticker=NIL-B.ST;6.6816
STRAX.ST;STRAX;56.2;101;57.6;116;52.9;143;55.6;120;https://www.swedishbulls.com/SignalPage.aspx?lang=en&Ticker=STRAX.ST;6.672
SONE.ST;SONETEL;50;98;61.1;125;61.1;125;57.4;116;https://www.swedishbulls.com/SignalPage.aspx?lang=en&Ticker=SONE.ST;6.6584
ELUX-B.ST;ELECTROLUX B;47.4;102;54.5;118;63;143;55;121;https://www.swedishbulls.com/SignalPage.aspx?lang=en&Ticker=ELUX-B.ST;6.655
AMAST.ST;AMSTEN HOLDING B;57.1;115;46.7;112;48.4;168;50.7;131;https://www.swedishbulls.com/SignalPage.aspx?lang=en&Ticker=AMAST.ST;6.6417
ATT.ST;ATTENDO;45;99;51.3;112;60.2;172;52.2;127;https://www.swedishbulls.com/SignalPage.aspx?lang=en&Ticker=ATT.ST;6.6294
SVOL-A.ST;SVOLDER A;50;100;50;116;52.8;176;50.9;130;https://www.swedishbulls.com/SignalPage.aspx?lang=en&Ticker=SVOL-A.ST;6.617
43464.ST;STOCKWIK FORVALTNING;53.8;237;47.6;174;32.7;33;44.7;148;https://www.swedishbulls.com/SignalPage.aspx?lang=en&Ticker=43464.ST;6.6156
KOPY.ST;KOPY GOLDFIELDS;50;92;44.4;97;51.4;220;48.6;136;https://www.swedishbulls.com/SignalPage.aspx?lang=en&Ticker=KOPY.ST;6.6096
STEF-B.ST;STENDORREN FASTIGHETER;58.8;100;54.8;98;57.1;151;56.9;116;https://www.swedishbulls.com/SignalPage.aspx?lang=en&Ticker=STEF-B.ST;6.6004
HEIM-PREF.ST;HEIMSDATEN PRF;60;103;58.3;105;57.4;130;58.6;112;https://www.swedishbulls.com/SignalPage.aspx?lang=en&Ticker=HEIM-PREF.ST;6.5632
OLDM.ST;OLD MUTUAL;100;100;53.3;93;46.2;101;66.5;98;https://www.swedishbulls.com/SignalPage.aspx?lang=en&Ticker=OLDM.ST;6.517
HUM.ST;HUMANA;47.6;105;61.5;129;53.6;126;54.2;120;https://www.swedishbulls.com/SignalPage.aspx?lang=en&Ticker=HUM.ST;6.504
ALFA.ST;ALFA LAVAL;62.5;109;46.9;111;51.4;144;53.6;121;https://www.swedishbulls.com/SignalPage.aspx?lang=en&Ticker=ALFA.ST;6.4856
SEB-A.ST;SE BANKEN A;60;104;54.5;97;60.5;133;58.3;111;https://www.swedishbulls.com/SignalPage.aspx?lang=en&Ticker=SEB-A.ST;6.4713
BYGGP.ST;BYGGPARTNER I DALARNA HOLDING;55.6;127;52.2;121;50;119;52.6;122;https://www.swedishbulls.com/SignalPage.aspx?lang=en&Ticker=BYGGP.ST;6.4172
MPI.ST;MEDICAL PROGNOSIS INSTITUTE;52.4;124;48.8;110;52.7;142;51.3;125;https://www.swedishbulls.com/SignalPage.aspx?lang=en&Ticker=MPI.ST;6.4125
OP-PREF.ST;OSCAR PROPERTIES PRF;53.8;144;42.4;148;37.3;141;44.5;144;https://www.swedishbulls.com/SignalPage.aspx?lang=en&Ticker=OP-PREF.ST;6.408
FIL.ST;FILO MINING;50;95;54.2;129;52.9;144;52.4;122;https://www.swedishbulls.com/SignalPage.aspx?lang=en&Ticker=FIL.ST;6.3928
SEMC.ST;SEMCON;41.2;115;45.7;124;45.6;194;44.2;144;https://www.swedishbulls.com/SignalPage.aspx?lang=en&Ticker=SEMC.ST;6.3648
HUSQ-A.ST;HUSQVARNA A;42.9;108;46.3;121;52;177;47.1;135;https://www.swedishbulls.com/SignalPage.aspx?lang=en&Ticker=HUSQ-A.ST;6.3585
MSON-A.ST;MIDSONA A;100;101;29.4;94;42.9;137;57.4;110;https://www.swedishbulls.com/SignalPage.aspx?lang=en&Ticker=MSON-A.ST;6.314
XACTHDIV.ST;XACTHDIV ETF;68.4;102;58.6;102;58.6;102;61.9;102;https://www.swedishbulls.com/SignalPage.aspx?lang=en&Ticker=XACTHDIV.ST;6.3138
CAT-B.ST;CATELLA B;48;100;53.5;121;53.2;146;51.6;122;https://www.swedishbulls.com/SignalPage.aspx?lang=en&Ticker=CAT-B.ST;6.2952
DMYD-B.ST;DIAMYD MEDICAL B;60;114;48.1;95;44.8;160;51;123;https://www.swedishbulls.com/SignalPage.aspx?lang=en&Ticker=DMYD-B.ST;6.273
SAGA-B.ST;SAGAX B;56.2;95;52.8;102;52.9;152;54;116;https://www.swedishbulls.com/SignalPage.aspx?lang=en&Ticker=SAGA-B.ST;6.264
FPIP.ST;FORMPIPE;50;99;50;122;46.8;165;48.9;128;https://www.swedishbulls.com/SignalPage.aspx?lang=en&Ticker=FPIP.ST;6.2592
HUSQ-B.ST;HUSQVARNA B;42.9;107;48.8;119;50.6;172;47.4;132;https://www.swedishbulls.com/SignalPage.aspx?lang=en&Ticker=HUSQ-B.ST;6.2568
PRCO-B.ST;PRECIO FISHBONE B;50;105;60;110;58.9;118;56.3;111;https://www.swedishbulls.com/SignalPage.aspx?lang=en&Ticker=PRCO-B.ST;6.2493
TRENT.ST;TRENTION;66.7;109;61.1;118;42.3;104;56.7;110;https://www.swedishbulls.com/SignalPage.aspx?lang=en&Ticker=TRENT.ST;6.237
ATORX.ST;ALLIGATOR BIOSCIENCE;54.2;122;52.4;115;52.3;115;53;117;https://www.swedishbulls.com/SignalPage.aspx?lang=en&Ticker=ATORX.ST;6.201
SAXG.ST;SAXLUND GROUP;35;101;36.4;137;50;223;40.5;153;https://www.swedishbulls.com/SignalPage.aspx?lang=en&Ticker=SAXG.ST;6.1965
NGS.ST;NGS GROUP;58.8;101;51.5;111;52.3;130;54.2;114;https://www.swedishbulls.com/SignalPage.aspx?lang=en&Ticker=NGS.ST;6.1788
CAST.ST;CASTELLUM;52.6;106;54.1;121;50.6;125;52.4;117;https://www.swedishbulls.com/SignalPage.aspx?lang=en&Ticker=CAST.ST;6.1308
SKA-B.ST;SKANSKA B;50;107;52.5;114;52.4;133;51.6;118;https://www.swedishbulls.com/SignalPage.aspx?lang=en&Ticker=SKA-B.ST;6.0888
SINT.ST;SINTERCAST;80;121;45.2;101;45.6;96;56.9;106;https://www.swedishbulls.com/SignalPage.aspx?lang=en&Ticker=SINT.ST;6.0314
SAGA-PREF.ST;SAGAX PRF;52.9;95;64.5;104;58;110;58.5;103;https://www.swedishbulls.com/SignalPage.aspx?lang=en&Ticker=SAGA-PREF.ST;6.0255
BMAX.ST;BYGGMAX GROUP;44.4;101;52.8;119;53.9;137;50.4;119;https://www.swedishbulls.com/SignalPage.aspx?lang=en&Ticker=BMAX.ST;5.9976
CLAS-B.ST;CLAS OHLSON B;54.2;99;51.2;113;49.4;137;51.6;116;https://www.swedishbulls.com/SignalPage.aspx?lang=en&Ticker=CLAS-B.ST;5.9856
GUGEO.NGM;GUIDELINE GEO;54.5;128;39.1;138;40.4;135;44.7;133;https://www.swedishbulls.com/SignalPage.aspx?lang=en&Ticker=GUGEO.NGM;5.9451
DIOS.ST;DIOS FASTIGHETER;39.1;113;48.8;125;53.2;140;47;126;https://www.swedishbulls.com/SignalPage.aspx?lang=en&Ticker=DIOS.ST;5.922
ALIF-B.ST;ADDLIFE;50;86;57.5;87;58.1;148;55.2;107;https://www.swedishbulls.com/SignalPage.aspx?lang=en&Ticker=ALIF-B.ST;5.9064
PNVA.NGM;PAYNOVA;41.2;88;51.7;115;52.5;160;48.5;121;https://www.swedishbulls.com/SignalPage.aspx?lang=en&Ticker=PNVA.NGM;5.8685
FMM-B.ST;FM MATTSSON MORA GROUP;61.1;115;50;107;50;107;53.7;109;https://www.swedishbulls.com/SignalPage.aspx?lang=en&Ticker=FMM-B.ST;5.8533
COMPI.NGM;COMPUTER INNOVATION I VAXJO;45;87;50;72;54.2;193;49.7;117;https://www.swedishbulls.com/SignalPage.aspx?lang=en&Ticker=COMPI.NGM;5.8149
MQ.ST;MQ HOLDING;50;114;50;106;54.3;120;51.4;113;https://www.swedishbulls.com/SignalPage.aspx?lang=en&Ticker=MQ.ST;5.8082
NCC-B.ST;NCC B;50;95;51.4;112;52.9;134;51.4;113;https://www.swedishbulls.com/SignalPage.aspx?lang=en&Ticker=NCC-B.ST;5.8082
BONG.ST;BONG;46.7;107;42.4;125;44.1;158;44.4;130;https://www.swedishbulls.com/SignalPage.aspx?lang=en&Ticker=BONG.ST;5.772
BTS-B.ST;BTS GROUP B;70.6;104;54.3;95;47.8;102;57.6;100;https://www.swedishbulls.com/SignalPage.aspx?lang=en&Ticker=BTS-B.ST;5.76
ZETA-PREF.ST;ZETADISPLAY PRF;60;98;52.9;108;52.9;108;55.3;104;https://www.swedishbulls.com/SignalPage.aspx?lang=en&Ticker=ZETA-PREF.ST;5.7512
VOLO.ST;VOLATI;43.8;105;47.4;134;47.5;133;46.2;124;https://www.swedishbulls.com/SignalPage.aspx?lang=en&Ticker=VOLO.ST;5.7288
MEAB-B.ST;MALMBERGS ELEKTRISKA B;42.9;107;54.8;112;53.8;122;50.5;113;https://www.swedishbulls.com/SignalPage.aspx?lang=en&Ticker=MEAB-B.ST;5.7065
XMWO.ST;DBX MSCI WORLD ETF;60;110;43.3;105;51.6;117;51.6;110;https://www.swedishbulls.com/SignalPage.aspx?lang=en&Ticker=XMWO.ST;5.676
HANC-PREF-A.ST;HANCAP PRF;53.3;107;44.4;117;44.9;135;47.5;119;https://www.swedishbulls.com/SignalPage.aspx?lang=en&Ticker=HANC-PREF-A.ST;5.6525
CORE-PREF.ST;COREM PROPERTY GROUP PRF;50;106;46.7;115;51.6;123;49.4;114;https://www.swedishbulls.com/SignalPage.aspx?lang=en&Ticker=CORE-PREF.ST;5.6316
ISOFOL.ST;ISOFOL MEDICAL;45;132;42.9;128;42.9;128;43.6;129;https://www.swedishbulls.com/SignalPage.aspx?lang=en&Ticker=ISOFOL.ST;5.6244
HM-B.ST;HENNES & MAURITZ B;47.6;99;52.4;105;53.8;125;51.3;109;https://www.swedishbulls.com/SignalPage.aspx?lang=en&Ticker=HM-B.ST;5.5917
AXFO.ST;AXFOOD;54.5;113;41.3;106;51.2;123;49;114;https://www.swedishbulls.com/SignalPage.aspx?lang=en&Ticker=AXFO.ST;5.586
AHSL.ST;AHLSELL;52.2;98;56.8;97;58;102;55.7;99;https://www.swedishbulls.com/SignalPage.aspx?lang=en&Ticker=AHSL.ST;5.5143
UFLX-B.ST;UNIFLEX B;46.2;113;40;119;46.2;144;44.1;125;https://www.swedishbulls.com/SignalPage.aspx?lang=en&Ticker=UFLX-B.ST;5.5125
DIAH.ST;DIADROM HOLDING;50;101;50;115;50;115;50;110;https://www.swedishbulls.com/SignalPage.aspx?lang=en&Ticker=DIAH.ST;5.5
IQSE.NGM;IQS ENERGI KOMFORT;58.8;89;57.6;93;59.6;97;58.7;93;https://www.swedishbulls.com/SignalPage.aspx?lang=en&Ticker=IQSE.NGM;5.4591
XACT-BEAR.ST;XACT BEAR ETF;50;111;47.2;112;51.2;108;49.5;110;https://www.swedishbulls.com/SignalPage.aspx?lang=en&Ticker=XACT-BEAR.ST;5.445
ORGC.ST;ORGANOCLICK;47.6;95;55.3;96;52.1;126;51.7;105;https://www.swedishbulls.com/SignalPage.aspx?lang=en&Ticker=ORGC.ST;5.4285
SAGA-D.ST;SAGAX LINE D;38.5;100;58.6;113;54.5;110;50.5;107;https://www.swedishbulls.com/SignalPage.aspx?lang=en&Ticker=SAGA-D.ST;5.4035
ACARIX.ST;ACARIX;61.5;109;54.5;88;54.5;88;56.8;95;https://www.swedishbulls.com/SignalPage.aspx?lang=en&Ticker=ACARIX.ST;5.396
XACT.ST;XACT OMX30 ETF;46.2;104;45.5;97;58;124;49.9;108;https://www.swedishbulls.com/SignalPage.aspx?lang=en&Ticker=XACT.ST;5.3892
SECT-B.ST;SECTRA B;35;105;38.2;120;44.4;187;39.2;137;https://www.swedishbulls.com/SignalPage.aspx?lang=en&Ticker=SECT-B.ST;5.3704
SWED-A.ST;SWEDBANK A;64.7;108;40.5;92;48.1;115;51.1;105;https://www.swedishbulls.com/SignalPage.aspx?lang=en&Ticker=SWED-A.ST;5.3655
IMPC.ST;IMPACT COATINGS;47.6;66;45.5;63;54;199;49;109;https://www.swedishbulls.com/SignalPage.aspx?lang=en&Ticker=IMPC.ST;5.341
VRG-B.ST;VENUE B;42.1;99;41.9;98;47.7;167;43.9;121;https://www.swedishbulls.com/SignalPage.aspx?lang=en&Ticker=VRG-B.ST;5.3119
IS.ST;IMAGE SYSTEMS;35.7;91;46.4;102;51.6;165;44.6;119;https://www.swedishbulls.com/SignalPage.aspx?lang=en&Ticker=IS.ST;5.3074
WISE.ST;WISE GROUP;43.8;113;40.5;112;45.1;144;43.1;123;https://www.swedishbulls.com/SignalPage.aspx?lang=en&Ticker=WISE.ST;5.3013
GTAB B;GLYCOREX TRANSPLANTATION B;66.7;123;41.2;82;41.5;114;49.8;106;https://www.swedishbulls.com/SignalPage.aspx?lang=en&Ticker=GTAB B;5.2788
NAXS.ST;NAXS;71.4;102;50;92;48.1;87;56.5;93;https://www.swedishbulls.com/SignalPage.aspx?lang=en&Ticker=NAXS.ST;5.2545
BRG-B.ST;BERGS TIMBER B;47.4;100;51.4;111;46.7;113;48.5;108;https://www.swedishbulls.com/SignalPage.aspx?lang=en&Ticker=BRG-B.ST;5.238
CBTT-B.ST;CHRISTIAN BERNER TECH TRADE;52.9;101;51.5;108;46.4;104;50.3;104;https://www.swedishbulls.com/SignalPage.aspx?lang=en&Ticker=CBTT-B.ST;5.2312
AM1S.ST;AHLSTROM-MUNKSJO;33.3;90;38.3;101;50.6;194;40.7;128;https://www.swedishbulls.com/SignalPage.aspx?lang=en&Ticker=AM1S.ST;5.2096
HEMF-PREF.ST;HEMFOSA FASTIGHETER PRF;53.8;96;55.2;103;42.6;109;50.5;102;https://www.swedishbulls.com/SignalPage.aspx?lang=en&Ticker=HEMF-PREF.ST;5.151
ASSA-B.ST;ASSA ABLOY B;43.5;98;43.2;106;54.5;123;47.1;109;https://www.swedishbulls.com/SignalPage.aspx?lang=en&Ticker=ASSA-B.ST;5.1339
NWG.ST;NORDIC WATERPROOFING HOLDING;42.9;106;50;114;47.6;109;46.8;109;https://www.swedishbulls.com/SignalPage.aspx?lang=en&Ticker=NWG.ST;5.1012
AKEL-PREF.ST;AKELIUS RESIDENTIAL PREF PRF;63.2;102;41;99;43.3;109;49.2;103;https://www.swedishbulls.com/SignalPage.aspx?lang=en&Ticker=AKEL-PREF.ST;5.0676
XACT-NORDEN-30.ST;XACT NORDEN 30 ETF;50;98;45;104;51.2;110;48.7;104;https://www.swedishbulls.com/SignalPage.aspx?lang=en&Ticker=XACT-NORDEN-30.ST;5.0648
GPG-PREF.ST;GENOVA PROPERTY GROUP PRF;55.6;103;51.2;103;41.2;98;49.3;101;https://www.swedishbulls.com/SignalPage.aspx?lang=en&Ticker=GPG-PREF.ST;4.9793
SECI.ST;SECITS HOLDING;52.6;86;56.5;93;56.5;93;55.2;90;https://www.swedishbulls.com/SignalPage.aspx?lang=en&Ticker=SECI.ST;4.968
RNBS.ST;RETAIL AND BRANDS;42.9;95;42.5;87;50;150;45.1;110;https://www.swedishbulls.com/SignalPage.aspx?lang=en&Ticker=RNBS.ST;4.961
SAPIAB.ST;SALTANGEN;47.4;109;44.2;108;42.3;116;44.6;111;https://www.swedishbulls.com/SignalPage.aspx?lang=en&Ticker=SAPIAB.ST;4.9506
MEKO.ST;MEKONOMEN;50;113;34.4;100;47;126;43.8;113;https://www.swedishbulls.com/SignalPage.aspx?lang=en&Ticker=MEKO.ST;4.9494
CCOR-B.ST;CONCORDIA MARITIME B;63.6;112;42.9;90;45;94;50.5;98;https://www.swedishbulls.com/SignalPage.aspx?lang=en&Ticker=CCOR-B.ST;4.949
AXIS.ST;AXIS;40;99;48.4;106;48.4;119;45.6;108;https://www.swedishbulls.com/SignalPage.aspx?lang=en&Ticker=AXIS.ST;4.9248
BRE2.ST;BREDBAND2 I SKANDINAVIEN;36.8;116;37;114;42.1;151;38.6;127;https://www.swedishbulls.com/SignalPage.aspx?lang=en&Ticker=BRE2.ST;4.9022
TASTE.ST;MYTASTE;54.5;95;48;76;44.1;129;48.9;100;https://www.swedishbulls.com/SignalPage.aspx?lang=en&Ticker=TASTE.ST;4.89
TFBANK.ST;TF BANK;45;96;50;96;52.1;106;49;99;https://www.swedishbulls.com/SignalPage.aspx?lang=en&Ticker=TFBANK.ST;4.851
ALM-PREF.ST;ALM PRF;55.6;99;52.4;102;38.8;96;48.9;99;https://www.swedishbulls.com/SignalPage.aspx?lang=en&Ticker=ALM-PREF.ST;4.8411
BRIOX.NGM;BRIOX;42.9;96;48.4;128;38.8;107;43.4;110;https://www.swedishbulls.com/SignalPage.aspx?lang=en&Ticker=BRIOX.NGM;4.774
KAPIAB.ST;KALLEBACK PROPERTY INVEST;44.4;98;46.9;105;46.9;106;46.1;103;https://www.swedishbulls.com/SignalPage.aspx?lang=en&Ticker=KAPIAB.ST;4.7483
EDGE.ST;EDGEWARE;40;73;59.5;96;59.5;96;53;88;https://www.swedishbulls.com/SignalPage.aspx?lang=en&Ticker=EDGE.ST;4.664
SYSR.ST;SYSTEMAIR;55;100;46.7;97;40;97;47.2;98;https://www.swedishbulls.com/SignalPage.aspx?lang=en&Ticker=SYSR.ST;4.6256
AMAST-PREF.ST;AMASTEN HOLDING PREF SHS;47.8;91;48.7;93;46.4;106;47.6;96;https://www.swedishbulls.com/SignalPage.aspx?lang=en&Ticker=AMAST-PREF.ST;4.5696
BIOS.ST;BIOSERVO TECHNOLOGIES;43.5;82;48;106;48;106;46.5;98;https://www.swedishbulls.com/SignalPage.aspx?lang=en&Ticker=BIOS.ST;4.557
FNMA-PREF.ST;FNMA PREF PRF;33.3;96;33.3;104;44.7;166;37.1;122;https://www.swedishbulls.com/SignalPage.aspx?lang=en&Ticker=FNMA-PREF.ST;4.5262
POLYG.ST;POLYGIENE;52.4;96;41;84;45.9;111;46.4;97;https://www.swedishbulls.com/SignalPage.aspx?lang=en&Ticker=POLYG.ST;4.5008
CAPIO.ST;CAPIO;33.3;96;47.5;101;50;112;43.6;103;https://www.swedishbulls.com/SignalPage.aspx?lang=en&Ticker=CAPIO.ST;4.4908
SWEC-A.ST;SWECO A;27.8;88;35.3;84;50;187;37.7;119;https://www.swedishbulls.com/SignalPage.aspx?lang=en&Ticker=SWEC-A.ST;4.4863
PREV-B.ST;PREVAS B;41.2;117;31.4;100;41;139;37.9;118;https://www.swedishbulls.com/SignalPage.aspx?lang=en&Ticker=PREV-B.ST;4.4722
TEONE.ST;TARGETEVERYONE;50;109;37.5;66;49.2;120;45.6;98;https://www.swedishbulls.com/SignalPage.aspx?lang=en&Ticker=TEONE.ST;4.4688
SVED-B.ST;SVEDBERGS I DALSTORP B;44.4;100;39.5;91;46.1;116;43.3;102;https://www.swedishbulls.com/SignalPage.aspx?lang=en&Ticker=SVED-B.ST;4.4166
B3IT.ST;B3IT MANAGEMENT;40;94;42.9;103;43.5;112;42.1;103;https://www.swedishbulls.com/SignalPage.aspx?lang=en&Ticker=B3IT.ST;4.3363
MULT.NGM;MULTIDOCKER CARGO HANDLING;52.4;77;54.5;82;54.5;82;53.8;80;https://www.swedishbulls.com/SignalPage.aspx?lang=en&Ticker=MULT.NGM;4.304
INDEX.ST;INDEX PHARMACEUTICALS HOLDING;30;93;45.2;106;50;110;41.7;103;https://www.swedishbulls.com/SignalPage.aspx?lang=en&Ticker=INDEX.ST;4.2951
BILL.ST;BILLERUD KORSNAS;28.6;88;41.7;91;59;120;43.1;99;https://www.swedishbulls.com/SignalPage.aspx?lang=en&Ticker=BILL.ST;4.2669
FPAR-PREF.ST;FASTPARTNER PRF;50;101;33.3;99;42.4;104;41.9;101;https://www.swedishbulls.com/SignalPage.aspx?lang=en&Ticker=FPAR-PREF.ST;4.2319
KARE.ST;KARESSA PHARMA;57.1;87;53.3;83;50;62;53.5;77;https://www.swedishbulls.com/SignalPage.aspx?lang=en&Ticker=KARE.ST;4.1195
WESC.ST;WESC;47.4;123;45.2;107;39;47;43.9;92;https://www.swedishbulls.com/SignalPage.aspx?lang=en&Ticker=WESC.ST;4.0388
SPRINT.ST;SPRINT BIOSCIENCE;26.3;66;40.7;93;48.3;151;38.4;103;https://www.swedishbulls.com/SignalPage.aspx?lang=en&Ticker=SPRINT.ST;3.9552
ESSITY-A.ST;ESSITY;40;98;40;98;40;98;40;98;https://www.swedishbulls.com/SignalPage.aspx?lang=en&Ticker=ESSITY-A.ST;3.92
VOLO-PREF.ST;VOLATI PRF;33.3;98;40;105;37.5;113;36.9;105;https://www.swedishbulls.com/SignalPage.aspx?lang=en&Ticker=VOLO-PREF.ST;3.8745
FIRE.ST;FIREFLY;35.3;93;37.5;97;41.2;115;38;101;https://www.swedishbulls.com/SignalPage.aspx?lang=en&Ticker=FIRE.ST;3.838
BRIN-B.ST;BRINOVA FASTIGHETER;37.5;93;37.5;94;42.3;102;39.1;96;https://www.swedishbulls.com/SignalPage.aspx?lang=en&Ticker=BRIN-B.ST;3.7536
AIK-B.NGM;AIK FOTBALL B;23.5;95;42.4;98;40.3;122;35.4;105;https://www.swedishbulls.com/SignalPage.aspx?lang=en&Ticker=AIK-B.NGM;3.717
MTRS.ST;MUNTERS GROUP;45;81;45.5;83;45.5;83;45.3;82;https://www.swedishbulls.com/SignalPage.aspx?lang=en&Ticker=MTRS.ST;3.7146
MAXF.ST;MAXFASTIGHETER I SVERIGE;36.4;95;41.4;92;41.4;92;39.7;93;https://www.swedishbulls.com/SignalPage.aspx?lang=en&Ticker=MAXF.ST;3.6921
ELOS-B.ST;ELOS MEDTECH;35;83;40;80;50;101;41.7;88;https://www.swedishbulls.com/SignalPage.aspx?lang=en&Ticker=ELOS-B.ST;3.6696
MOMENT.ST;MOMENT GROUP;50;107;27.3;83;40.3;90;39.2;93;https://www.swedishbulls.com/SignalPage.aspx?lang=en&Ticker=MOMENT.ST;3.6456
VICP-PREF.ST;VICTORIA PARK PRF;33.3;92;36.1;97;40;108;36.5;99;https://www.swedishbulls.com/SignalPage.aspx?lang=en&Ticker=VICP-PREF.ST;3.6135
NHCBHFFS.ST;NORTHERN HORIZON CAPITAL ETF;46.2;99;33.3;95;33.3;95;37.6;96;https://www.swedishbulls.com/SignalPage.aspx?lang=en&Ticker=NHCBHFFS.ST;3.6096
SCST.ST;SCANDI STANDARD;28.6;99;34.1;86;44.9;110;35.9;98;https://www.swedishbulls.com/SignalPage.aspx?lang=en&Ticker=SCST.ST;3.5182
ZZ-B.ST;ZINZINO AB;33.3;75;38.5;85;45.3;109;39;89;https://www.swedishbulls.com/SignalPage.aspx?lang=en&Ticker=ZZ-B.ST;3.471
TOBIN-PREF.ST;TOBIN PROPERTIES PRF;47.4;108;37.5;101;35.1;43;40;84;https://www.swedishbulls.com/SignalPage.aspx?lang=en&Ticker=TOBIN-PREF.ST;3.36
ELEC.ST;ELECTRA GRUPPEN;31.6;101;34.2;96;35.6;98;33.8;98;https://www.swedishbulls.com/SignalPage.aspx?lang=en&Ticker=ELEC.ST;3.3124
ADDV-B.ST;ADDVISE GROUP;35.3;84;33.3;85;46.8;82;38.5;83;https://www.swedishbulls.com/SignalPage.aspx?lang=en&Ticker=ADDV-B.ST;3.1955
DELARK.ST;DELARKA HOLDING;36.4;90;37.2;85;36.5;81;36.7;85;https://www.swedishbulls.com/SignalPage.aspx?lang=en&Ticker=DELARK.ST;3.1195
OBDU-PREF-B.NGM;OBDUCAT PRF;50;64;42.9;71;42.9;71;45.3;68;https://www.swedishbulls.com/SignalPage.aspx?lang=en&Ticker=OBDU-PREF-B.NGM;3.0804
POOL-B.ST;POOLIA B;44.4;83;34.1;71;39.3;77;39.3;77;https://www.swedishbulls.com/SignalPage.aspx?lang=en&Ticker=POOL-B.ST;3.0261
TGATE.NGM;THREE GATES;33.3;56;44.1;70;47.6;89;41.7;71;https://www.swedishbulls.com/SignalPage.aspx?lang=en&Ticker=TGATE.NGM;2.9607
MULQ.ST;MULTIQ INTERNATIONAL;36.8;96;29.7;77;35.1;68;33.9;80;https://www.swedishbulls.com/SignalPage.aspx?lang=en&Ticker=MULQ.ST;2.712
HEBA-B.ST;HEBA FASTIGHETS B;27.8;92;26.5;85;36.4;89;30.2;88;https://www.swedishbulls.com/SignalPage.aspx?lang=en&Ticker=HEBA-B.ST;2.6576
QUART-PREF.ST;QUARTIERS PROPERTIES PRF;25;96;23.5;96;31.8;97;26.8;96;https://www.swedishbulls.com/SignalPage.aspx?lang=en&Ticker=QUART-PREF.ST;2.5728
K2A-PREF.ST;K2A KNAUST & AND ANDERSSON FASTIGHET;23.8;95;20.5;93;34.3;106;26.2;98;https://www.swedishbulls.com/SignalPage.aspx?lang=en&Ticker=K2A-PREF.ST;2.5676
PEGRO-PREF.ST;PEGROCO INVEST PRF;26.3;86;29;91;32.3;86;29.2;87;https://www.swedishbulls.com/SignalPage.aspx?lang=en&Ticker=PEGRO-PREF.ST;2.5404
CLDRE-B.NGM;CLOUDREPUBLIC;55;52;52.2;44;52.2;44;53.1;46;https://www.swedishbulls.com/SignalPage.aspx?lang=en&Ticker=CLDRE-B.NGM;2.4426
MAXK.ST;MAXKOMPETENS;38.9;82;26.9;73;26.9;73;30.9;76;https://www.swedishbulls.com/SignalPage.aspx?lang=en&Ticker=MAXK.ST;2.3484
SDIP-PREF.ST;SDIPTECH PRF;10.5;89;31.2;101;31.2;96;24.3;95;https://www.swedishbulls.com/SignalPage.aspx?lang=en&Ticker=SDIP-PREF.ST;2.3085
HAV-B.ST;HAVSFRUN INVESTMENT B;30.8;91;21.2;78;27.7;75;26.6;81;https://www.swedishbulls.com/SignalPage.aspx?lang=en&Ticker=HAV-B.ST;2.1546
FOOT-PREF.ST;FOOTWAY GROUP PRF;25;90;23.1;89;23.1;89;23.7;89;https://www.swedishbulls.com/SignalPage.aspx?lang=en&Ticker=FOOT-PREF.ST;2.1093
HOGK-PREF-A.ST;AKTIEBOLAGET HOGKULLEN PRF;0;99;30.8;99;33.3;98;21.4;98;https://www.swedishbulls.com/SignalPage.aspx?lang=en&Ticker=HOGK-PREF-A.ST;2.0972
OP-PREFB.ST;OSCAR PROPERTIES HOLDING PRF;22.7;94;25;94;20.5;87;22.7;91;https://www.swedishbulls.com/SignalPage.aspx?lang=en&Ticker=OP-PREFB.ST;2.0657
EFFP.ST;EFFNETPLATTFORMEN;22.7;69;31.6;70;31.6;70;28.6;69;https://www.swedishbulls.com/SignalPage.aspx?lang=en&Ticker=EFFP.ST;1.9734
SARSYS.NGM;SCANDINAVIAN AIRPORT AND ROAD SYSTEM;21.1;56;27.6;41;27.6;41;25.4;46;https://www.swedishbulls.com/SignalPage.aspx?lang=en&Ticker=SARSYS.NGM;1.1684
66669.ST;ALLTELE;;;;;;;;;;0
A1M-TO.ST;A1M PHARMA SUBSCR OPT;;;;;;;;;;0
ALELIO-TO-1.ST;ALELION ENERGY SYSTEMS SUBSCR OPT;;;;;;;;;;0
AVEG-B.ST;AVEGA GROUP ser. B;;;;;;;;;;0
BALD-PREF.ST;FASTIGHETS AB BALDER PRF;;;;;;;;;;0
BWL.ST;BRINGWELL;;;;;;;;;;0
CLEANT-A.ST;CLEANTECH INVEST;;;;;;;;;;0
CORE.ST;COREM PROPERTY GROUP;;;;;;;;;;0
FRIM.ST;ROBERT FRIMAN INTERNATIONAL;;;;;;;;;;0
GAPW-TO-1B.ST;GAPWAVES SUBSCR OPT;;;;;;;;;;0
ICTA-B.ST;INTELLECTA B;;;;;;;;;;0
IJ.ST;INTRUM JUSTITIA;;;;;;;;;;0
LIFE B;LIFEASSAYS B;;;;;;;;;;0
MAHA-A-TO-1.ST;MAHA ENERGY SUBSCR OPT;;;;;;;;;;0
MCNH.NGM;MEDICA CLINICAL NORTH;;;;;;;;;;0
MELK.ST;MELKER SCHORLING;;;;;;;;;;0
MIND.ST;MINDMANCER;;;;;;;;;;0
MSC-B.ST;MSC GROUP;;;;;;;;;;0
NOMI.ST;NORDIC MINES;;;;;;;;;;0
SAS-PREF.ST;SAS PRF;;;;;;;;;;0
SEAM.ST;SEAMLESS DISTRIBUTION B;;;;;;;;;;0
ULED.NGM;UNI-LIGHT LED;34.6;-13;37.8;-11;36.2;-10;36.2;-11;https://www.swedishbulls.com/SignalPage.aspx?lang=en&Ticker=ULED.NGM;-0.3982
