NAMESHORT_SB;NAME_SB;MONTH_6_PERCENT;MONTH_6_VALUE;MONTH_12_PERCENT;MONTH_12_VALUE;MONTH_24_PERCENT;MONTH_24_VALUE;AVERAGE_PERCENT;AVERAGE_VALUE;URL_SB
43464.ST;STOCKWIK FORVALTNING;53.8;237;47.6;174;32.7;33;44.7;148;https://www.swedishbulls.com/SignalPage.aspx?lang=en&Ticker=43464.ST
43720.ST;MYCRONIC;69.2;146;57.6;119;65.6;265;64.1;176;https://www.swedishbulls.com/SignalPage.aspx?lang=en&Ticker=43720.ST
43825.ST;I.A.R SYSTEMS GROUP;66.7;123;68.0;132;64.9;199;66.5;151;https://www.swedishbulls.com/SignalPage.aspx?lang=en&Ticker=43825.ST
47307.ST;NORDIC LEISURE;73.3;183;57.6;435;54.0;757;61.6;458;https://www.swedishbulls.com/SignalPage.aspx?lang=en&Ticker=47307.ST
66669.ST;ALLTELE;;;;;;;;;
A1M.ST;A1M;58.3;157;60.0;308;61.0;641;59.8;368;https://www.swedishbulls.com/SignalPage.aspx?lang=en&Ticker=A1M.ST
A1M-TO.ST;A1M PHARMA SUBSCR OPT;;;;;;;;;
AAC.ST;AAC MICROTEC;73.3;233;58.1;434;58.1;434;63.2;367;https://www.swedishbulls.com/SignalPage.aspx?lang=en&Ticker=AAC.ST
AAC-TO1.ST;AAC MICROTEC SUBSCR OPT;87.5;637;69.2;900;69.2;900;75.3;812;https://www.swedishbulls.com/SignalPage.aspx?lang=en&Ticker=AAC-TO1.ST
AAK.ST;AARHUSKARLSHAMN;56.5;122;55.8;126;58.7;156;57.0;134;https://www.swedishbulls.com/SignalPage.aspx?lang=en&Ticker=AAK.ST
AAP-B.ST;ARC AROMA;61.1;142;62.5;311;57.6;1091;60.4;514;https://www.swedishbulls.com/SignalPage.aspx?lang=en&Ticker=AAP-B.ST
ABB.ST;ABB LTD N;57.1;108;60.0;134;57.4;181;58.2;141;https://www.swedishbulls.com/SignalPage.aspx?lang=en&Ticker=ABB.ST
ABIGR.NGM;ABELCO INVESTMENT GROUP;78.6;256;75.0;264;75.0;264;76.2;261;https://www.swedishbulls.com/SignalPage.aspx?lang=en&Ticker=ABIGR.NGM
ACAD.ST;ACADEMEDIA;50.0;120;58.8;142;64.6;192;57.8;151;https://www.swedishbulls.com/SignalPage.aspx?lang=en&Ticker=ACAD.ST
ACAN-B.ST;ACANDO;58.8;113;64.9;139;61.9;258;61.9;170;https://www.swedishbulls.com/SignalPage.aspx?lang=en&Ticker=ACAN-B.ST
ACARIX.ST;ACARIX;61.5;109;54.5;88;54.5;88;56.8;95;https://www.swedishbulls.com/SignalPage.aspx?lang=en&Ticker=ACARIX.ST
ACM.ST;A CITY MEDIA;62.5;157;50.0;151;48.4;340;53.6;216;https://www.swedishbulls.com/SignalPage.aspx?lang=en&Ticker=ACM.ST
ACTI.ST;ACTIVE BIOTECH;66.7;228;79.3;322;70.5;962;72.2;504;https://www.swedishbulls.com/SignalPage.aspx?lang=en&Ticker=ACTI.ST
ADDERA.ST;ADDERACARE;72.2;117;74.2;155;71.9;147;72.8;139;https://www.swedishbulls.com/SignalPage.aspx?lang=en&Ticker=ADDERA.ST
ADDT-B.ST;ADDTECH B;65.0;125;65.8;143;64.3;253;65.0;173;https://www.swedishbulls.com/SignalPage.aspx?lang=en&Ticker=ADDT-B.ST
ADDV-B.ST;ADDVISE GROUP;35.3;84;33.3;85;46.8;82;38.5;83;https://www.swedishbulls.com/SignalPage.aspx?lang=en&Ticker=ADDV-B.ST
ADVE.ST;ADVENICA;55.0;125;56.4;154;58.6;248;56.7;175;https://www.swedishbulls.com/SignalPage.aspx?lang=en&Ticker=ADVE.ST
AERO.ST;SVENSKA AEROGEL HOLDING;54.2;145;52.4;120;54.5;134;53.7;133;https://www.swedishbulls.com/SignalPage.aspx?lang=en&Ticker=AERO.ST
AF-B.ST;AF B;73.9;110;58.1;107;58.2;158;63.4;125;https://www.swedishbulls.com/SignalPage.aspx?lang=en&Ticker=AF-B.ST
AGES-B.ST;AGES INDUSTRI;100.0;101;85.0;142;63.6;148;82.9;130;https://www.swedishbulls.com/SignalPage.aspx?lang=en&Ticker=AGES-B.ST
AGORA-PREF.ST;AGORA PREF PRF;77.8;106;58.8;105;58.8;105;65.1;105;https://www.swedishbulls.com/SignalPage.aspx?lang=en&Ticker=AGORA-PREF.ST
AGRO.ST;AGROMINO;50.0;98;50.0;123;54.1;234;51.4;151;https://www.swedishbulls.com/SignalPage.aspx?lang=en&Ticker=AGRO.ST
AHSL.ST;AHLSELL;52.2;98;56.8;97;58.0;102;55.7;99;https://www.swedishbulls.com/SignalPage.aspx?lang=en&Ticker=AHSL.ST
AIK-B.NGM;AIK FOTBALL B;23.5;95;42.4;98;40.3;122;35.4;105;https://www.swedishbulls.com/SignalPage.aspx?lang=en&Ticker=AIK-B.NGM
AINO.ST;AINO HEALTH;53.3;187;47.1;201;45.7;198;48.7;195;https://www.swedishbulls.com/SignalPage.aspx?lang=en&Ticker=AINO.ST
AKEL-PREF.ST;AKELIUS RESIDENTIAL PREF PRF;63.2;102;41.0;99;43.3;109;49.2;103;https://www.swedishbulls.com/SignalPage.aspx?lang=en&Ticker=AKEL-PREF.ST
ALCA.ST;ALCADON GROUP;85.7;112;59.3;127;58.5;148;67.8;129;https://www.swedishbulls.com/SignalPage.aspx?lang=en&Ticker=ALCA.ST
ALELIO.ST;ALELION ENERGY SYSTEMS;83.3;160;58.8;162;56.5;127;66.2;149;https://www.swedishbulls.com/SignalPage.aspx?lang=en&Ticker=ALELIO.ST
ALELIO-TO-1.ST;ALELION ENERGY SYSTEMS SUBSCR OPT;;;;;;;;;
ALFA.ST;ALFA LAVAL;62.5;109;46.9;111;51.4;144;53.6;121;https://www.swedishbulls.com/SignalPage.aspx?lang=en&Ticker=ALFA.ST
ALIF-B.ST;ADDLIFE;50.0;86;57.5;87;58.1;148;55.2;107;https://www.swedishbulls.com/SignalPage.aspx?lang=en&Ticker=ALIF-B.ST
ALIG.ST;ALIMAK GROUP;63.2;105;65.6;129;64.1;225;64.3;153;https://www.swedishbulls.com/SignalPage.aspx?lang=en&Ticker=ALIG.ST
ALIRA-B.ST;ALIGERA;50.0;479;58.3;861;58.3;861;55.5;733;https://www.swedishbulls.com/SignalPage.aspx?lang=en&Ticker=ALIRA-B.ST
ALIV-SDB.ST;AUTOLIV SDR;69.6;144;68.6;163;63.6;230;67.3;179;https://www.swedishbulls.com/SignalPage.aspx?lang=en&Ticker=ALIV-SDB.ST
ALLG-B.ST;ALLGON B;70.0;110;59.1;119;51.0;213;60.0;147;https://www.swedishbulls.com/SignalPage.aspx?lang=en&Ticker=ALLG-B.ST
ALM-PREF.ST;ALM PRF;55.6;99;52.4;102;38.8;96;48.9;99;https://www.swedishbulls.com/SignalPage.aspx?lang=en&Ticker=ALM-PREF.ST
ALON-B.NGM;ARCHELON;75.0;117;72.7;129;62.7;173;70.1;139;https://www.swedishbulls.com/SignalPage.aspx?lang=en&Ticker=ALON-B.NGM
AM1S.ST;AHLSTROM-MUNKSJO;33.3;90;38.3;101;50.6;194;40.7;128;https://www.swedishbulls.com/SignalPage.aspx?lang=en&Ticker=AM1S.ST
AMAST.ST;AMSTEN HOLDING B;57.1;115;46.7;112;48.4;168;50.7;131;https://www.swedishbulls.com/SignalPage.aspx?lang=en&Ticker=AMAST.ST
AMAST-PREF.ST;AMASTEN HOLDING PREF SHS;47.8;91;48.7;93;46.4;106;47.6;96;https://www.swedishbulls.com/SignalPage.aspx?lang=en&Ticker=AMAST-PREF.ST
AMBEA.ST;AMBEA;60.0;106;63.3;110;63.3;110;62.2;108;https://www.swedishbulls.com/SignalPage.aspx?lang=en&Ticker=AMBEA.ST
ANNX.ST;ANNEXIN PHARMACEUTICALS;68.8;176;66.7;220;66.7;220;67.4;205;https://www.swedishbulls.com/SignalPage.aspx?lang=en&Ticker=ANNX.ST
ANOD-B.ST;ADDNODE GROUP;46.7;105;51.5;129;55.7;188;51.3;140;https://www.swedishbulls.com/SignalPage.aspx?lang=en&Ticker=ANOD-B.ST
ANOT.ST;ANOTO GROUP;72.2;324;71.0;1331;69.7;4054;71.0;1903;https://www.swedishbulls.com/SignalPage.aspx?lang=en&Ticker=ANOT.ST
AOI.ST;AFRICA OIL;57.1;121;52.4;113;51.2;151;53.6;128;https://www.swedishbulls.com/SignalPage.aspx?lang=en&Ticker=AOI.ST
AQ.ST;AROS QUALITY;57.1;106;63.0;119;59.5;194;59.9;139;https://www.swedishbulls.com/SignalPage.aspx?lang=en&Ticker=AQ.ST
ARCM.ST;ARCAM;63.6;105;59.3;107;61.5;301;61.5;171;https://www.swedishbulls.com/SignalPage.aspx?lang=en&Ticker=ARCM.ST
ARCOMA.ST;ARCOMA;52.4;137;51.5;158;41.8;120;48.6;138;https://www.swedishbulls.com/SignalPage.aspx?lang=en&Ticker=ARCOMA.ST
ARCT.ST;ARCTIC GOLD;57.9;282;51.4;268;53.6;654;54.3;401;https://www.swedishbulls.com/SignalPage.aspx?lang=en&Ticker=ARCT.ST
ARISE.ST;ARISE AB;52.6;131;56.8;159;53.5;233;54.3;174;https://www.swedishbulls.com/SignalPage.aspx?lang=en&Ticker=ARISE.ST
AROC.ST;AROCELL;72.2;125;53.5;141;52.0;171;59.2;145;https://www.swedishbulls.com/SignalPage.aspx?lang=en&Ticker=AROC.ST
ARP.ST;ARCTIC PAPER;70.0;132;61.8;146;62.1;207;64.6;161;https://www.swedishbulls.com/SignalPage.aspx?lang=en&Ticker=ARP.ST
ASSA-B.ST;ASSA ABLOY B;43.5;98;43.2;106;54.5;123;47.1;109;https://www.swedishbulls.com/SignalPage.aspx?lang=en&Ticker=ASSA-B.ST
ATCO-A.ST;ATLAS COPCO A;66.7;119;57.1;119;53.5;161;59.1;133;https://www.swedishbulls.com/SignalPage.aspx?lang=en&Ticker=ATCO-A.ST
ATCO-B.ST;ATLAS COPCO B;64.7;104;58.5;123;55.7;156;59.6;127;https://www.swedishbulls.com/SignalPage.aspx?lang=en&Ticker=ATCO-B.ST
ATIC.ST;ACTIC GROUP;83.3;176;75.0;179;75.0;179;77.8;178;https://www.swedishbulls.com/SignalPage.aspx?lang=en&Ticker=ATIC.ST
ATORX.ST;ALLIGATOR BIOSCIENCE;54.2;122;52.4;115;52.3;115;53.0;117;https://www.swedishbulls.com/SignalPage.aspx?lang=en&Ticker=ATORX.ST
ATRLJ-B.ST;ATRIUM LJUNGBERG B;61.5;101;58.6;104;62.3;151;60.8;118;https://www.swedishbulls.com/SignalPage.aspx?lang=en&Ticker=ATRLJ-B.ST
ATT.ST;ATTENDO;45.0;99;51.3;112;60.2;172;52.2;127;https://www.swedishbulls.com/SignalPage.aspx?lang=en&Ticker=ATT.ST
AUR.ST;AURIANT MINING;50.0;90;43.5;47;55.6;443;49.7;193;https://www.swedishbulls.com/SignalPage.aspx?lang=en&Ticker=AUR.ST
AUTO.ST;VA AUTOMOTIVE;53.3;212;58.8;237;55.2;296;55.8;248;https://www.swedishbulls.com/SignalPage.aspx?lang=en&Ticker=AUTO.ST
AVEG-B.ST;AVEGA GROUP ser. B;;;;;;;;;
AVEN.ST;AVENSIA;60.0;125;60.7;124;52.5;195;57.7;148;https://www.swedishbulls.com/SignalPage.aspx?lang=en&Ticker=AVEN.ST
AVT-B.ST;AVTECH SWEDEN;77.8;117;65.8;215;50.6;170;64.7;167;https://www.swedishbulls.com/SignalPage.aspx?lang=en&Ticker=AVT-B.ST
AXFO.ST;AXFOOD;54.5;113;41.3;106;51.2;123;49.0;114;https://www.swedishbulls.com/SignalPage.aspx?lang=en&Ticker=AXFO.ST
AXIC-A.ST;AXICHEM A;70.6;188;64.3;269;57.1;278;64.0;245;https://www.swedishbulls.com/SignalPage.aspx?lang=en&Ticker=AXIC-A.ST
AXIS.ST;AXIS;40.0;99;48.4;106;48.4;119;45.6;108;https://www.swedishbulls.com/SignalPage.aspx?lang=en&Ticker=AXIS.ST
AZA.ST;AVANZA BANK HOLDING;70.6;137;76.9;158;77.9;319;75.1;204;https://www.swedishbulls.com/SignalPage.aspx?lang=en&Ticker=AZA.ST
AZN.ST;ASTRAZENECA;75.0;108;65.6;150;65.2;229;68.6;162;https://www.swedishbulls.com/SignalPage.aspx?lang=en&Ticker=AZN.ST
B3IT.ST;B3IT MANAGEMENT;40.0;94;42.9;103;43.5;112;42.1;103;https://www.swedishbulls.com/SignalPage.aspx?lang=en&Ticker=B3IT.ST
BACTI-B.ST;BACTIGUARD HOLD;50.0;110;50.0;148;56.1;224;52.0;160;https://www.swedishbulls.com/SignalPage.aspx?lang=en&Ticker=BACTI-B.ST
BALD-B.ST;FASTIGHETS BALDER B;66.7;114;60.0;123;56.2;153;61.0;130;https://www.swedishbulls.com/SignalPage.aspx?lang=en&Ticker=BALD-B.ST
BALD-PREF.ST;FASTIGHETS AB BALDER PRF;;;;;;;;;
BAYN.ST;BAYN EUROPE;57.1;114;50.0;250;56.1;640;54.4;334;https://www.swedishbulls.com/SignalPage.aspx?lang=en&Ticker=BAYN.ST
BEGR.ST;BE GROUP;52.6;122;56.8;209;55.4;379;54.9;236;https://www.swedishbulls.com/SignalPage.aspx?lang=en&Ticker=BEGR.ST
BEIA-B.ST;BEIJER ALMA B;50.0;108;56.8;150;50.7;161;52.5;139;https://www.swedishbulls.com/SignalPage.aspx?lang=en&Ticker=BEIA-B.ST
BEIJ-B.ST;BEIJER REF AB;60.0;126;68.8;146;64.7;172;64.5;148;https://www.swedishbulls.com/SignalPage.aspx?lang=en&Ticker=BEIJ-B.ST
BELE.ST;BEIJER ELECTRONICS GROUP;81.2;126;61.1;156;65.6;208;69.3;163;https://www.swedishbulls.com/SignalPage.aspx?lang=en&Ticker=BELE.ST
BERG-B.ST;BERGMAN & BEVING;76.5;134;62.2;177;65.8;274;68.2;195;https://www.swedishbulls.com/SignalPage.aspx?lang=en&Ticker=BERG-B.ST
BESQ.ST;BESQAB PROJEKT & FASTIGHETER;83.3;145;64.3;180;63.3;333;70.3;219;https://www.swedishbulls.com/SignalPage.aspx?lang=en&Ticker=BESQ.ST
BETS-B.ST;BETSSON B;63.2;117;65.9;142;63.9;187;64.3;148;https://www.swedishbulls.com/SignalPage.aspx?lang=en&Ticker=BETS-B.ST
BILI-A.ST;BILIA A;52.4;111;48.6;126;51.9;161;51.0;132;https://www.swedishbulls.com/SignalPage.aspx?lang=en&Ticker=BILI-A.ST
BILL.ST;BILLERUD KORSNAS;28.6;88;41.7;91;59.0;120;43.1;99;https://www.swedishbulls.com/SignalPage.aspx?lang=en&Ticker=BILL.ST
BIM.ST;BIMOBJECT;61.1;139;65.8;229;69.1;1684;65.3;684;https://www.swedishbulls.com/SignalPage.aspx?lang=en&Ticker=BIM.ST
BINV.ST;BIOINVENT INTERNATIONAL;52.9;136;62.1;187;63.9;391;59.6;238;https://www.swedishbulls.com/SignalPage.aspx?lang=en&Ticker=BINV.ST
BIOG-B.ST;BIOGAIA B;55.0;130;57.1;168;61.8;252;58.0;183;https://www.swedishbulls.com/SignalPage.aspx?lang=en&Ticker=BIOG-B.ST
BIOS.ST;BIOSERVO TECHNOLOGIES;43.5;82;48.0;106;48.0;106;46.5;98;https://www.swedishbulls.com/SignalPage.aspx?lang=en&Ticker=BIOS.ST
BIOT.ST;BIOTAGE;63.6;163;71.1;279;65.3;470;66.7;304;https://www.swedishbulls.com/SignalPage.aspx?lang=en&Ticker=BIOT.ST
BIOVIC-B.ST;BIOVICA INTERNATIONAL;78.6;110;80.0;164;80.0;164;79.5;146;https://www.swedishbulls.com/SignalPage.aspx?lang=en&Ticker=BIOVIC-B.ST
BMAX.ST;BYGGMAX GROUP;44.4;101;52.8;119;53.9;137;50.4;119;https://www.swedishbulls.com/SignalPage.aspx?lang=en&Ticker=BMAX.ST
BOL.ST;BOLIDEN;75.0;125;72.2;124;62.2;212;69.8;153;https://www.swedishbulls.com/SignalPage.aspx?lang=en&Ticker=BOL.ST
BONAV-A.ST;BONAVA A;77.8;116;60.0;121;58.1;149;65.3;128;https://www.swedishbulls.com/SignalPage.aspx?lang=en&Ticker=BONAV-A.ST
BONAV-B.ST;BONAVA B;65.2;103;53.7;110;57.1;140;58.7;117;https://www.swedishbulls.com/SignalPage.aspx?lang=en&Ticker=BONAV-B.ST
BONG.ST;BONG;46.7;107;42.4;125;44.1;158;44.4;130;https://www.swedishbulls.com/SignalPage.aspx?lang=en&Ticker=BONG.ST
BOOZT.ST;BOOZT;53.8;134;57.1;134;57.1;134;56.0;134;https://www.swedishbulls.com/SignalPage.aspx?lang=en&Ticker=BOOZT.ST
BORG.ST;BJORN BORG;56.2;138;56.2;138;53.0;224;55.1;166;https://www.swedishbulls.com/SignalPage.aspx?lang=en&Ticker=BORG.ST
BOUL.ST;BOULE DIAGNOSTICS;75.0;125;71.9;211;75.0;1343;74.0;559;https://www.swedishbulls.com/SignalPage.aspx?lang=en&Ticker=BOUL.ST
BRAV.ST;BRAVIDA HOLDING;73.7;115;62.2;113;49.4;106;61.8;111;https://www.swedishbulls.com/SignalPage.aspx?lang=en&Ticker=BRAV.ST
BRE2.ST;BREDBAND2 I SKANDINAVIEN;36.8;116;37.0;114;42.1;151;38.6;127;https://www.swedishbulls.com/SignalPage.aspx?lang=en&Ticker=BRE2.ST
BRG-B.ST;BERGS TIMBER B;47.4;100;51.4;111;46.7;113;48.5;108;https://www.swedishbulls.com/SignalPage.aspx?lang=en&Ticker=BRG-B.ST
BRIG.ST;BRIGHTER AB;65.0;227;64.7;390;64.1;1159;64.6;592;https://www.swedishbulls.com/SignalPage.aspx?lang=en&Ticker=BRIG.ST
BRIG-TO3.ST;BRIGHTER SUBSCR OPT;68.4;212;66.7;355;66.7;355;67.3;307;https://www.swedishbulls.com/SignalPage.aspx?lang=en&Ticker=BRIG-TO3.ST
BRIN-B.ST;BRINOVA FASTIGHETER;37.5;93;37.5;94;42.3;102;39.1;96;https://www.swedishbulls.com/SignalPage.aspx?lang=en&Ticker=BRIN-B.ST
BRIOX.NGM;BRIOX;42.9;96;48.4;128;38.8;107;43.4;110;https://www.swedishbulls.com/SignalPage.aspx?lang=en&Ticker=BRIOX.NGM
BTS-B.ST;BTS GROUP B;70.6;104;54.3;95;47.8;102;57.6;100;https://www.swedishbulls.com/SignalPage.aspx?lang=en&Ticker=BTS-B.ST
BUFAB.ST;BUFAB;71.4;122;63.4;169;63.3;306;66.0;199;https://www.swedishbulls.com/SignalPage.aspx?lang=en&Ticker=BUFAB.ST
BULTEN.ST;BULTEN;46.7;106;68.6;149;58.7;190;58.0;148;https://www.swedishbulls.com/SignalPage.aspx?lang=en&Ticker=BULTEN.ST
BURE.ST;BURE EQUITY;46.2;96;57.6;131;54.7;198;52.8;141;https://www.swedishbulls.com/SignalPage.aspx?lang=en&Ticker=BURE.ST
BUSER.ST;BAMBUSER;70.0;101;70.8;106;70.8;106;70.5;104;https://www.swedishbulls.com/SignalPage.aspx?lang=en&Ticker=BUSER.ST
BWL.ST;BRINGWELL;;;;;;;;;
BYGGP.ST;BYGGPARTNER I DALARNA HOLDING;55.6;127;52.2;121;50.0;119;52.6;122;https://www.swedishbulls.com/SignalPage.aspx?lang=en&Ticker=BYGGP.ST
CAMX.ST;CAMURUS;82.4;110;78.8;144;73.8;352;78.3;202;https://www.swedishbulls.com/SignalPage.aspx?lang=en&Ticker=CAMX.ST
CANTA.ST;CANTARGIA;64.3;158;70.4;240;62.5;276;65.7;224;https://www.swedishbulls.com/SignalPage.aspx?lang=en&Ticker=CANTA.ST
CAPAC.ST;CAPACENT HOLDING;52.9;138;54.8;147;61.4;314;56.4;199;https://www.swedishbulls.com/SignalPage.aspx?lang=en&Ticker=CAPAC.ST
CAPIO.ST;CAPIO;33.3;96;47.5;101;50.0;112;43.6;103;https://www.swedishbulls.com/SignalPage.aspx?lang=en&Ticker=CAPIO.ST
CASO.ST;CASSANDRA OIL;75.0;242;66.7;246;66.1;426;69.3;304;https://www.swedishbulls.com/SignalPage.aspx?lang=en&Ticker=CASO.ST
CAST.ST;CASTELLUM;52.6;106;54.1;121;50.6;125;52.4;117;https://www.swedishbulls.com/SignalPage.aspx?lang=en&Ticker=CAST.ST
CAT-A.ST;CATELLA A;75.0;129;57.6;142;60.0;164;64.2;145;https://www.swedishbulls.com/SignalPage.aspx?lang=en&Ticker=CAT-A.ST
CAT-B.ST;CATELLA B;48.0;100;53.5;121;53.2;146;51.6;122;https://www.swedishbulls.com/SignalPage.aspx?lang=en&Ticker=CAT-B.ST
CATE.ST;CATENA;66.7;105;62.5;122;58.6;134;62.6;120;https://www.swedishbulls.com/SignalPage.aspx?lang=en&Ticker=CATE.ST
CBA.ST;CYBAERO;62.5;118;69.7;567;65.2;1035;65.8;573;https://www.swedishbulls.com/SignalPage.aspx?lang=en&Ticker=CBA.ST
CBTT-B.ST;CHRISTIAN BERNER TECH TRADE;52.9;101;51.5;108;46.4;104;50.3;104;https://www.swedishbulls.com/SignalPage.aspx?lang=en&Ticker=CBTT-B.ST
CCC.ST;CAVOTEC;61.5;106;53.3;117;58.3;216;57.7;146;https://www.swedishbulls.com/SignalPage.aspx?lang=en&Ticker=CCC.ST
CCOR-B.ST;CONCORDIA MARITIME B;63.6;112;42.9;90;45.0;94;50.5;98;https://www.swedishbulls.com/SignalPage.aspx?lang=en&Ticker=CCOR-B.ST
CE.ST;CORTUS ENERGY;57.1;155;65.6;540;67.2;5463;63.3;2052;https://www.swedishbulls.com/SignalPage.aspx?lang=en&Ticker=CE.ST
CELLNK-B.ST;CELLINK;69.6;170;69.2;220;70.7;280;69.8;223;https://www.swedishbulls.com/SignalPage.aspx?lang=en&Ticker=CELLNK-B.ST
CEVI.ST;CELLAVISION;65.4;122;65.9;240;67.4;747;66.2;369;https://www.swedishbulls.com/SignalPage.aspx?lang=en&Ticker=CEVI.ST
CFISH.ST;CRUNCHFISH;50.0;141;50.0;352;50.0;378;50.0;290;https://www.swedishbulls.com/SignalPage.aspx?lang=en&Ticker=CFISH.ST
CHRO.ST;CHROMOGENICS;83.3;171;88.9;211;88.9;211;87.0;197;https://www.swedishbulls.com/SignalPage.aspx?lang=en&Ticker=CHRO.ST
CI-B.ST;CELL IMPACT B;50.0;217;40.0;204;56.1;1026;48.7;482;https://www.swedishbulls.com/SignalPage.aspx?lang=en&Ticker=CI-B.ST
CINN.ST;CINNO FIN TECH;66.7;124;63.9;133;64.7;279;65.1;178;https://www.swedishbulls.com/SignalPage.aspx?lang=en&Ticker=CINN.ST
CLA-B.ST;CLOETTA B;70.6;115;56.4;100;52.6;148;59.9;121;https://www.swedishbulls.com/SignalPage.aspx?lang=en&Ticker=CLA-B.ST
CLAS-B.ST;CLAS OHLSON B;54.2;99;51.2;113;49.4;137;51.6;116;https://www.swedishbulls.com/SignalPage.aspx?lang=en&Ticker=CLAS-B.ST
CLAV.ST;CLAVISTER HOLDING;76.9;212;69.7;397;71.4;765;72.7;458;https://www.swedishbulls.com/SignalPage.aspx?lang=en&Ticker=CLAV.ST
CLBIO.ST;CORLINE BIOMED;52.9;106;48.6;121;51.4;295;51.0;174;https://www.swedishbulls.com/SignalPage.aspx?lang=en&Ticker=CLBIO.ST
CLDRE-B.NGM;CLOUDREPUBLIC;55.0;52;52.2;44;52.2;44;53.1;46;https://www.swedishbulls.com/SignalPage.aspx?lang=en&Ticker=CLDRE-B.NGM
CLEANT-A.ST;CLEANTECH INVEST;;;;;;;;;
CLEM.ST;CLEMENDO GROUP;71.4;99;53.3;96;53.3;182;59.3;125;https://www.swedishbulls.com/SignalPage.aspx?lang=en&Ticker=CLEM.ST
CLEMO.ST;CLEAN MOTION;61.5;140;54.8;186;53.2;191;56.5;172;https://www.swedishbulls.com/SignalPage.aspx?lang=en&Ticker=CLEMO.ST
CLS-B.ST;CLINICAL LASERTHERMIA SYSTEMS B;60.0;224;64.5;336;52.2;533;58.9;364;https://www.swedishbulls.com/SignalPage.aspx?lang=en&Ticker=CLS-B.ST
CLX.ST;CLX COMMUNICATIONS;50.0;142;50.0;159;48.4;254;49.5;185;https://www.swedishbulls.com/SignalPage.aspx?lang=en&Ticker=CLX.ST
CMOTEC-B.ST;SCANDINAVIAN CHEMOTECH;57.1;231;64.3;280;63.3;277;61.6;262;https://www.swedishbulls.com/SignalPage.aspx?lang=en&Ticker=CMOTEC-B.ST
COGS.ST;COGNOSEC;75.0;168;57.7;283;58.3;494;63.7;315;https://www.swedishbulls.com/SignalPage.aspx?lang=en&Ticker=COGS.ST
COIC.ST;CONCENTRIC;45.8;117;54.5;131;55.6;180;52.0;142;https://www.swedishbulls.com/SignalPage.aspx?lang=en&Ticker=COIC.ST
COLL.ST;COLLECTOR;72.2;122;53.8;102;56.6;164;60.9;129;https://www.swedishbulls.com/SignalPage.aspx?lang=en&Ticker=COLL.ST
COMH.ST;COM HEM HOLDING;66.7;114;57.6;124;55.6;166;60.0;134;https://www.swedishbulls.com/SignalPage.aspx?lang=en&Ticker=COMH.ST
COMPI.NGM;COMPUTER INNOVATION I VAXJO;45.0;87;50.0;72;54.2;193;49.7;117;https://www.swedishbulls.com/SignalPage.aspx?lang=en&Ticker=COMPI.NGM
CONS-B.ST;CONSILIUM B;70.6;125;58.1;131;63.5;242;64.1;166;https://www.swedishbulls.com/SignalPage.aspx?lang=en&Ticker=CONS-B.ST
COOR.ST;COOR SERVICE MANAGEMENT;61.1;126;63.2;150;58.8;236;61.0;170;https://www.swedishbulls.com/SignalPage.aspx?lang=en&Ticker=COOR.ST
COPP-B.ST;COPPERSTONE RESOURCE;50.0;139;58.3;373;65.2;2177;57.8;896;https://www.swedishbulls.com/SignalPage.aspx?lang=en&Ticker=COPP-B.ST
CORE.ST;COREM PROPERTY GROUP;;;;;;;;;
CORE-PREF.ST;COREM PROPERTY GROUP PRF;50.0;106;46.7;115;51.6;123;49.4;114;https://www.swedishbulls.com/SignalPage.aspx?lang=en&Ticker=CORE-PREF.ST
CRAD-B.ST;C-RAD B;62.5;126;73.3;319;63.5;568;66.4;337;https://www.swedishbulls.com/SignalPage.aspx?lang=en&Ticker=CRAD-B.ST
CRED-A.ST;CREADES A;57.9;121;69.2;175;64.4;246;63.8;180;https://www.swedishbulls.com/SignalPage.aspx?lang=en&Ticker=CRED-A.ST
CRWN;CROWN ENERGY;78.6;111;62.5;213;57.1;274;66.1;199;https://www.swedishbulls.com/SignalPage.aspx?lang=en&Ticker=CRWN
CTM.ST;CATENA MEDIA;50.0;147;47.2;173;51.5;274;49.6;198;https://www.swedishbulls.com/SignalPage.aspx?lang=en&Ticker=CTM.ST
CTT.ST;CTT SYSTEMS;62.5;131;66.7;190;64.1;545;64.4;288;https://www.swedishbulls.com/SignalPage.aspx?lang=en&Ticker=CTT.ST
CYXO.ST;CYXONE;58.3;167;50.0;192;51.8;240;53.4;199;https://www.swedishbulls.com/SignalPage.aspx?lang=en&Ticker=CYXO.ST
DCAR-B.ST;D CARNEGIE & CO B;76.5;109;79.3;128;80.0;246;78.6;161;https://www.swedishbulls.com/SignalPage.aspx?lang=en&Ticker=DCAR-B.ST
DDM.ST;DDM HOLDING;52.6;110;51.4;145;51.3;152;51.8;135;https://www.swedishbulls.com/SignalPage.aspx?lang=en&Ticker=DDM.ST
DEDI.ST;DEDICARE AB;66.7;158;63.2;196;60.3;664;63.4;339;https://www.swedishbulls.com/SignalPage.aspx?lang=en&Ticker=DEDI.ST
DEFL-B.ST;DEFLAMO B;78.6;825;73.9;583;62.5;497;71.7;635;https://www.swedishbulls.com/SignalPage.aspx?lang=en&Ticker=DEFL-B.ST
DELARK.ST;DELARKA HOLDING;36.4;90;37.2;85;36.5;81;36.7;85;https://www.swedishbulls.com/SignalPage.aspx?lang=en&Ticker=DELARK.ST
DIAH.ST;DIADROM HOLDING;50.0;101;50.0;115;50.0;115;50.0;110;https://www.swedishbulls.com/SignalPage.aspx?lang=en&Ticker=DIAH.ST
DIGN.ST;DIGNITANA;53.8;541;55.2;783;55.6;1001;54.9;775;https://www.swedishbulls.com/SignalPage.aspx?lang=en&Ticker=DIGN.ST
DIOS.ST;DIOS FASTIGHETER;39.1;113;48.8;125;53.2;140;47.0;126;https://www.swedishbulls.com/SignalPage.aspx?lang=en&Ticker=DIOS.ST
DIST.ST;DISTIT;64.3;119;61.5;130;56.5;266;60.8;171;https://www.swedishbulls.com/SignalPage.aspx?lang=en&Ticker=DIST.ST
DIVI-B.NGM;DIVIDEND SWEDEN;58.8;139;64.0;279;71.7;1650;64.8;689;https://www.swedishbulls.com/SignalPage.aspx?lang=en&Ticker=DIVI-B.NGM
DMYD-B.ST;DIAMYD MEDICAL B;60.0;114;48.1;95;44.8;160;51.0;123;https://www.swedishbulls.com/SignalPage.aspx?lang=en&Ticker=DMYD-B.ST
DOM.ST;DOMETIC GROUP;58.3;112;66.7;138;64.9;178;63.3;142;https://www.swedishbulls.com/SignalPage.aspx?lang=en&Ticker=DOM.ST
DOME.ST;DOME ENERGY;52.9;119;53.8;160;58.0;395;54.9;224;https://www.swedishbulls.com/SignalPage.aspx?lang=en&Ticker=DOME.ST
DORO.ST;DORO;76.9;120;66.7;148;71.0;262;71.5;176;https://www.swedishbulls.com/SignalPage.aspx?lang=en&Ticker=DORO.ST
DOXA.ST;DOXA;86.7;227;71.9;293;61.7;513;73.4;344;https://www.swedishbulls.com/SignalPage.aspx?lang=en&Ticker=DOXA.ST
DRIL.ST;DRILLCON;52.6;133;51.7;165;52.5;216;52.3;171;https://www.swedishbulls.com/SignalPage.aspx?lang=en&Ticker=DRIL.ST
DUNI.ST;DUNI;57.1;114;52.9;121;59.7;146;56.6;127;https://www.swedishbulls.com/SignalPage.aspx?lang=en&Ticker=DUNI.ST
DURC-B.ST;DUROC B;70.0;158;65.0;245;64.6;296;66.5;233;https://www.swedishbulls.com/SignalPage.aspx?lang=en&Ticker=DURC-B.ST
DUST.ST;DUSTIN GROUP;68.4;129;66.7;137;51.8;115;62.3;127;https://www.swedishbulls.com/SignalPage.aspx?lang=en&Ticker=DUST.ST
EAST.ST;EASTNINE;55.6;136;51.9;136;54.4;193;54.0;155;https://www.swedishbulls.com/SignalPage.aspx?lang=en&Ticker=EAST.ST
EDGE.ST;EDGEWARE;40.0;73;59.5;96;59.5;96;53.0;88;https://www.swedishbulls.com/SignalPage.aspx?lang=en&Ticker=EDGE.ST
EFFP.ST;EFFNETPLATTFORMEN;22.7;69;31.6;70;31.6;70;28.6;69;https://www.swedishbulls.com/SignalPage.aspx?lang=en&Ticker=EFFP.ST
EKTA-B.ST;ELEKTA B;82.4;135;72.7;161;70.4;242;75.2;179;https://www.swedishbulls.com/SignalPage.aspx?lang=en&Ticker=EKTA-B.ST
ELAN-B.ST;ELANDERS B;52.9;107;56.4;119;54.7;207;54.7;144;https://www.swedishbulls.com/SignalPage.aspx?lang=en&Ticker=ELAN-B.ST
ELEC.ST;ELECTRA GRUPPEN;31.6;101;34.2;96;35.6;98;33.8;98;https://www.swedishbulls.com/SignalPage.aspx?lang=en&Ticker=ELEC.ST
ELN.ST;ELLEN;50.0;262;50.0;269;43.4;154;47.8;228;https://www.swedishbulls.com/SignalPage.aspx?lang=en&Ticker=ELN.ST
ELOS-B.ST;ELOS MEDTECH;35.0;83;40.0;80;50.0;101;41.7;88;https://www.swedishbulls.com/SignalPage.aspx?lang=en&Ticker=ELOS-B.ST
ELTEL.ST;ELTEL;68.8;116;72.2;202;63.2;209;68.1;175;https://www.swedishbulls.com/SignalPage.aspx?lang=en&Ticker=ELTEL.ST
ELUX-A.ST;ELECTROLUX A;71.4;108;75.0;132;73.4;178;73.3;139;https://www.swedishbulls.com/SignalPage.aspx?lang=en&Ticker=ELUX-A.ST
ELUX-B.ST;ELECTROLUX B;47.4;102;54.5;118;63.0;143;55.0;121;https://www.swedishbulls.com/SignalPage.aspx?lang=en&Ticker=ELUX-B.ST
ENDO.ST;ENDOMINES;65.0;117;61.1;229;61.4;439;62.5;261;https://www.swedishbulls.com/SignalPage.aspx?lang=en&Ticker=ENDO.ST
ENEA.ST;ENEA;60.0;105;63.6;120;62.5;173;62.0;132;https://www.swedishbulls.com/SignalPage.aspx?lang=en&Ticker=ENEA.ST
ENERS.ST;ENERSIZE;71.4;112;68.8;121;68.8;121;69.7;118;https://www.swedishbulls.com/SignalPage.aspx?lang=en&Ticker=ENERS.ST
ENG.ST;INTERNATIONELLA ENGELSKA SKOLAN I SV;60.0;130;48.1;134;51.6;140;53.2;134;https://www.swedishbulls.com/SignalPage.aspx?lang=en&Ticker=ENG.ST
ENQ.ST;ENQUEST;66.7;175;64.1;183;64.6;942;65.1;433;https://www.swedishbulls.com/SignalPage.aspx?lang=en&Ticker=ENQ.ST
ENRO.ST;ENIRO;65.0;304;63.2;425;62.0;593;63.4;440;https://www.swedishbulls.com/SignalPage.aspx?lang=en&Ticker=ENRO.ST
ENRO-PREF.ST;ENIRO PRF;57.1;118;56.2;252;58.5;310;57.3;226;https://www.swedishbulls.com/SignalPage.aspx?lang=en&Ticker=ENRO-PREF.ST
ENZY.ST;ENZYMATICA;50.0;139;56.8;153;54.1;223;53.6;171;https://www.swedishbulls.com/SignalPage.aspx?lang=en&Ticker=ENZY.ST
EOID.NGM;EYEONID GROUP;76.2;242;67.6;792;73.3;1920;72.4;984;https://www.swedishbulls.com/SignalPage.aspx?lang=en&Ticker=EOID.NGM
EOLU-B.ST;EOLUS VIND B;57.1;120;48.8;122;56.2;164;54.0;135;https://www.swedishbulls.com/SignalPage.aspx?lang=en&Ticker=EOLU-B.ST
EOS.ST;EOS RUSSIA;62.5;108;69.0;161;69.6;217;67.0;162;https://www.swedishbulls.com/SignalPage.aspx?lang=en&Ticker=EOS.ST
EPIS-B.ST;EPISURF MEDICALORD;61.1;133;65.6;195;66.7;486;64.5;271;https://www.swedishbulls.com/SignalPage.aspx?lang=en&Ticker=EPIS-B.ST
ERIC-A.ST;ERICSSON A;58.8;111;68.6;128;65.2;136;64.2;125;https://www.swedishbulls.com/SignalPage.aspx?lang=en&Ticker=ERIC-A.ST
ERIC-B.ST;ERICSSON B;80.0;125;75.8;167;62.7;206;72.8;166;https://www.swedishbulls.com/SignalPage.aspx?lang=en&Ticker=ERIC-B.ST
ESSITY-A.ST;ESSITY;40.0;98;40.0;98;40.0;98;40.0;98;https://www.swedishbulls.com/SignalPage.aspx?lang=en&Ticker=ESSITY-A.ST
ESSITY-B.ST;ESSITY;73.7;114;73.7;114;73.7;114;73.7;114;https://www.swedishbulls.com/SignalPage.aspx?lang=en&Ticker=ESSITY-B.ST
ETX.ST;ETRION;58.8;112;48.5;105;55.7;182;54.3;133;https://www.swedishbulls.com/SignalPage.aspx?lang=en&Ticker=ETX.ST
EVO.ST;EVOLUTION GAMING GROUP;59.1;115;60.5;171;67.9;339;62.5;208;https://www.swedishbulls.com/SignalPage.aspx?lang=en&Ticker=EVO.ST
EWRK.ST;EWORK GROUP;60.9;111;59.6;135;58.2;202;59.6;149;https://www.swedishbulls.com/SignalPage.aspx?lang=en&Ticker=EWRK.ST
EXPRS2.ST;EXPRES2ION BIOTECH HOLDING;59.1;247;57.9;289;55.4;286;57.5;274;https://www.swedishbulls.com/SignalPage.aspx?lang=en&Ticker=EXPRS2.ST
FABG.ST;FABEGE AB;78.9;124;54.1;134;58.4;202;63.8;153;https://www.swedishbulls.com/SignalPage.aspx?lang=en&Ticker=FABG.ST
FAG.ST;FAGERHULT;77.8;133;66.7;163;65.8;364;70.1;220;https://www.swedishbulls.com/SignalPage.aspx?lang=en&Ticker=FAG.ST
FEEL.ST;FEELGOOD SVENSKA;37.5;95;47.2;120;50.0;470;44.9;228;https://www.swedishbulls.com/SignalPage.aspx?lang=en&Ticker=FEEL.ST
FIL.ST;FILO MINING;50.0;95;54.2;129;52.9;144;52.4;122;https://www.swedishbulls.com/SignalPage.aspx?lang=en&Ticker=FIL.ST
FING-B.ST;FINGERPRINT CARDS B;54.5;114;51.4;126;56.5;316;54.1;185;https://www.swedishbulls.com/SignalPage.aspx?lang=en&Ticker=FING-B.ST
FIRE.ST;FIREFLY;35.3;93;37.5;97;41.2;115;38.0;101;https://www.swedishbulls.com/SignalPage.aspx?lang=en&Ticker=FIRE.ST
FMM-B.ST;FM MATTSSON MORA GROUP;61.1;115;50.0;107;50.0;107;53.7;109;https://www.swedishbulls.com/SignalPage.aspx?lang=en&Ticker=FMM-B.ST
FNMA-PREF.ST;FNMA PREF PRF;33.3;96;33.3;104;44.7;166;37.1;122;https://www.swedishbulls.com/SignalPage.aspx?lang=en&Ticker=FNMA-PREF.ST
FOI-B.ST;FENIX OUTDOOR INTERNATIONAL;72.2;149;70.0;182;58.1;318;66.8;216;https://www.swedishbulls.com/SignalPage.aspx?lang=en&Ticker=FOI-B.ST
FOOT-PREF.ST;FOOTWAY GROUP PRF;25.0;90;23.1;89;23.1;89;23.7;89;https://www.swedishbulls.com/SignalPage.aspx?lang=en&Ticker=FOOT-PREF.ST
FPAR.ST;FAST PARTNER;66.7;110;60.5;127;66.2;268;64.5;168;https://www.swedishbulls.com/SignalPage.aspx?lang=en&Ticker=FPAR.ST
FPAR-PREF.ST;FASTPARTNER PRF;50.0;101;33.3;99;42.4;104;41.9;101;https://www.swedishbulls.com/SignalPage.aspx?lang=en&Ticker=FPAR-PREF.ST
FPIP.ST;FORMPIPE;50.0;99;50.0;122;46.8;165;48.9;128;https://www.swedishbulls.com/SignalPage.aspx?lang=en&Ticker=FPIP.ST
FRIM.ST;ROBERT FRIMAN INTERNATIONAL;;;;;;;;;
FRISQ.ST;FRISQ HOLDING;72.0;232;63.4;197;63.3;194;66.2;207;https://www.swedishbulls.com/SignalPage.aspx?lang=en&Ticker=FRISQ.ST
FRNT-B.NGM;FRONTOFFICE NORDIC B;61.9;91;48.8;79;55.9;249;55.5;139;https://www.swedishbulls.com/SignalPage.aspx?lang=en&Ticker=FRNT-B.NGM
G5EN.ST;G5 ENTERTAINMENT;61.1;167;58.8;280;63.2;2055;61.0;834;https://www.swedishbulls.com/SignalPage.aspx?lang=en&Ticker=G5EN.ST
GAPW-B.ST;GAPWAVES;85.7;508;60.0;782;59.4;855;68.4;715;https://www.swedishbulls.com/SignalPage.aspx?lang=en&Ticker=GAPW-B.ST
GAPW-TO-1B.ST;GAPWAVES SUBSCR OPT;;;;;;;;;
GARO.ST;GARO;68.4;128;64.9;145;60.9;294;64.7;189;https://www.swedishbulls.com/SignalPage.aspx?lang=en&Ticker=GARO.ST
GCOR.ST;GAMING CORPS;81.2;239;55.8;202;60.0;508;65.7;316;https://www.swedishbulls.com/SignalPage.aspx?lang=en&Ticker=GCOR.ST
GENO.ST;GENOVIS B;73.3;156;55.2;172;44.8;184;57.8;170;https://www.swedishbulls.com/SignalPage.aspx?lang=en&Ticker=GENO.ST
GETI-B.ST;GETINGE B;78.6;125;58.8;138;55.1;149;64.2;137;https://www.swedishbulls.com/SignalPage.aspx?lang=en&Ticker=GETI-B.ST
GHP.ST;GHP SPECIALTY CARE;56.2;110;46.7;126;51.6;240;51.5;158;https://www.swedishbulls.com/SignalPage.aspx?lang=en&Ticker=GHP.ST
GHUS-B.ST;GOTENEHUS GROUP B;55.6;142;58.3;181;58.1;226;57.3;183;https://www.swedishbulls.com/SignalPage.aspx?lang=en&Ticker=GHUS-B.ST
GOMX.ST;GOMSPACE GROUP;85.7;133;80.0;353;79.5;702;81.7;396;https://www.swedishbulls.com/SignalPage.aspx?lang=en&Ticker=GOMX.ST
GPG-PREF.ST;GENOVA PROPERTY GROUP PRF;55.6;103;51.2;103;41.2;98;49.3;101;https://www.swedishbulls.com/SignalPage.aspx?lang=en&Ticker=GPG-PREF.ST
GPX.ST;GASPOROX;55.6;134;52.6;168;52.4;183;53.5;161;https://www.swedishbulls.com/SignalPage.aspx?lang=en&Ticker=GPX.ST
GREAT.ST;GREATER THAN;53.8;88;52.0;196;48.8;193;51.5;159;https://www.swedishbulls.com/SignalPage.aspx?lang=en&Ticker=GREAT.ST
GRNG.ST;GRANGES;58.8;101;61.3;122;52.1;138;57.4;120;https://www.swedishbulls.com/SignalPage.aspx?lang=en&Ticker=GRNG.ST
GTAB B;GLYCOREX TRANSPLANTATION B;66.7;123;41.2;82;41.5;114;49.8;106;https://www.swedishbulls.com/SignalPage.aspx?lang=en&Ticker=GTAB B
GTGS.NGM;GOLD TOWN GAMES;45.8;217;54.8;385;57.1;871;52.6;491;https://www.swedishbulls.com/SignalPage.aspx?lang=en&Ticker=GTGS.NGM
GUGEO.NGM;GUIDELINE GEO;54.5;128;39.1;138;40.4;135;44.7;133;https://www.swedishbulls.com/SignalPage.aspx?lang=en&Ticker=GUGEO.NGM
GUNN.ST;GUNNEBO;70.6;135;62.2;148;56.2;166;63.0;149;https://www.swedishbulls.com/SignalPage.aspx?lang=en&Ticker=GUNN.ST
GWS.ST;GWS PRODUCTION;63.2;92;67.7;221;73.0;626;68.0;313;https://www.swedishbulls.com/SignalPage.aspx?lang=en&Ticker=GWS.ST
HANC-PREF-A.ST;HANCAP PRF;53.3;107;44.4;117;44.9;135;47.5;119;https://www.swedishbulls.com/SignalPage.aspx?lang=en&Ticker=HANC-PREF-A.ST
HANZA.ST;HANZA HOLDING;73.3;122;52.9;111;52.2;174;59.5;135;https://www.swedishbulls.com/SignalPage.aspx?lang=en&Ticker=HANZA.ST
HAV-B.ST;HAVSFRUN INVESTMENT B;30.8;91;21.2;78;27.7;75;26.6;81;https://www.swedishbulls.com/SignalPage.aspx?lang=en&Ticker=HAV-B.ST
HEBA-B.ST;HEBA FASTIGHETS B;27.8;92;26.5;85;36.4;89;30.2;88;https://www.swedishbulls.com/SignalPage.aspx?lang=en&Ticker=HEBA-B.ST
HEIM-PREF.ST;HEIMSDATEN PRF;60.0;103;58.3;105;57.4;130;58.6;112;https://www.swedishbulls.com/SignalPage.aspx?lang=en&Ticker=HEIM-PREF.ST
HELIO.ST;HELIOSPECTRA;77.8;325;55.3;461;51.4;1185;61.5;657;https://www.swedishbulls.com/SignalPage.aspx?lang=en&Ticker=HELIO.ST
HEMC.ST;HEMCHECK SWEDEN;80.0;189;73.1;586;73.1;586;75.4;453;https://www.swedishbulls.com/SignalPage.aspx?lang=en&Ticker=HEMC.ST
HEMC-TO1.ST;HEMCHECK SWEDEN SUBSCR OPT;70.0;269;62.5;460;62.5;460;65.0;396;https://www.swedishbulls.com/SignalPage.aspx?lang=en&Ticker=HEMC-TO1.ST
HEMF.ST;HEMFOSA FASTIGHETER AB;73.3;108;66.7;128;53.8;127;64.6;121;https://www.swedishbulls.com/SignalPage.aspx?lang=en&Ticker=HEMF.ST
HEMF-PREF.ST;HEMFOSA FASTIGHETER PRF;53.8;96;55.2;103;42.6;109;50.5;102;https://www.swedishbulls.com/SignalPage.aspx?lang=en&Ticker=HEMF-PREF.ST
HEXA-B.ST;HEXAGON B;66.7;118;58.1;111;55.2;143;60.0;124;https://www.swedishbulls.com/SignalPage.aspx?lang=en&Ticker=HEXA-B.ST
HIFA-B.ST;HIFA B;50.0;105;64.1;124;61.8;137;58.6;122;https://www.swedishbulls.com/SignalPage.aspx?lang=en&Ticker=HIFA-B.ST
HIQ.ST;HIQ INTERNATIONAL;60.9;113;65.9;140;64.6;233;63.8;162;https://www.swedishbulls.com/SignalPage.aspx?lang=en&Ticker=HIQ.ST
HLDX.ST;HALDEX;54.2;114;48.8;112;53.8;173;52.3;133;https://www.swedishbulls.com/SignalPage.aspx?lang=en&Ticker=HLDX.ST
HM-B.ST;HENNES & MAURITZ B;47.6;99;52.4;105;53.8;125;51.3;109;https://www.swedishbulls.com/SignalPage.aspx?lang=en&Ticker=HM-B.ST
HMED.ST;HANSA MEDICAL;53.8;129;64.5;337;57.7;1355;58.7;607;https://www.swedishbulls.com/SignalPage.aspx?lang=en&Ticker=HMED.ST
HMS.ST;HMS NETWORKS;72.2;118;72.2;195;67.1;336;70.5;216;https://www.swedishbulls.com/SignalPage.aspx?lang=en&Ticker=HMS.ST
HOFI.ST;HOIST FINANCE;86.7;139;58.6;143;53.7;156;66.3;146;https://www.swedishbulls.com/SignalPage.aspx?lang=en&Ticker=HOFI.ST
HOGK-PREF-A.ST;AKTIEBOLAGET HOGKULLEN PRF;0.0;99;30.8;99;33.3;98;21.4;98;https://www.swedishbulls.com/SignalPage.aspx?lang=en&Ticker=HOGK-PREF-A.ST
HOLM-A.ST;HOLMEN A;60.0;131;55.8;138;51.8;152;55.9;140;https://www.swedishbulls.com/SignalPage.aspx?lang=en&Ticker=HOLM-A.ST
HOLM-B.ST;HOLMEN B;61.5;121;58.1;136;53.4;169;57.7;142;https://www.swedishbulls.com/SignalPage.aspx?lang=en&Ticker=HOLM-B.ST
HOVD.ST;HOVDING SVERIGE;64.7;111;57.1;132;52.2;454;58.0;232;https://www.swedishbulls.com/SignalPage.aspx?lang=en&Ticker=HOVD.ST
HOYLU.ST;HOYLU;58.3;153;72.7;398;72.7;398;67.9;316;https://www.swedishbulls.com/SignalPage.aspx?lang=en&Ticker=HOYLU.ST
HPOL-B.ST;HEXPOL B;60.0;110;65.7;121;61.7;160;62.5;130;https://www.swedishbulls.com/SignalPage.aspx?lang=en&Ticker=HPOL-B.ST
HTRO.ST;HEXATRONIC GROUP;75.0;131;68.4;196;64.7;485;69.4;270;https://www.swedishbulls.com/SignalPage.aspx?lang=en&Ticker=HTRO.ST
HUFV-A.ST;HUFVUDSTADEN A;70.6;103;57.6;104;62.3;138;63.5;115;https://www.swedishbulls.com/SignalPage.aspx?lang=en&Ticker=HUFV-A.ST
HUM.ST;HUMANA;47.6;105;61.5;129;53.6;126;54.2;120;https://www.swedishbulls.com/SignalPage.aspx?lang=en&Ticker=HUM.ST
HUSQ-A.ST;HUSQVARNA A;42.9;108;46.3;121;52.0;177;47.1;135;https://www.swedishbulls.com/SignalPage.aspx?lang=en&Ticker=HUSQ-A.ST
HUSQ-B.ST;HUSQVARNA B;42.9;107;48.8;119;50.6;172;47.4;132;https://www.swedishbulls.com/SignalPage.aspx?lang=en&Ticker=HUSQ-B.ST
IBT-B.ST;INFANT BACTERIAL THERAPEUTICS;66.7;271;61.5;456;68.9;1275;65.7;667;https://www.swedishbulls.com/SignalPage.aspx?lang=en&Ticker=IBT-B.ST
ICA.ST;ICA GRUPPEN;62.5;96;66.7;107;60.5;122;63.2;108;https://www.swedishbulls.com/SignalPage.aspx?lang=en&Ticker=ICA.ST
ICTA-B.ST;INTELLECTA B;;;;;;;;;
IJ.ST;INTRUM JUSTITIA;;;;;;;;;
IMMNOV.ST;IMMUNOVIA;47.1;117;55.9;128;65.8;533;56.3;259;https://www.swedishbulls.com/SignalPage.aspx?lang=en&Ticker=IMMNOV.ST
IMMU.ST;IMMUNICUM;83.3;164;68.0;242;62.9;465;71.4;290;https://www.swedishbulls.com/SignalPage.aspx?lang=en&Ticker=IMMU.ST
IMNP.ST;IMMUNE PHARMACEUTICALS;58.3;166;58.3;225;55.6;452;57.4;281;https://www.swedishbulls.com/SignalPage.aspx?lang=en&Ticker=IMNP.ST
IMPC.ST;IMPACT COATINGS;47.6;66;45.5;63;54.0;199;49.0;109;https://www.swedishbulls.com/SignalPage.aspx?lang=en&Ticker=IMPC.ST
INDEX.ST;INDEX PHARMACEUTICALS HOLDING;30.0;93;45.2;106;50.0;110;41.7;103;https://www.swedishbulls.com/SignalPage.aspx?lang=en&Ticker=INDEX.ST
INDT.ST;INDUTRADE;69.2;108;78.3;159;77.4;225;75.0;164;https://www.swedishbulls.com/SignalPage.aspx?lang=en&Ticker=INDT.ST
INDU-A.ST;INDUSTRIVARDEN A;52.9;110;64.5;130;62.7;178;60.0;139;https://www.swedishbulls.com/SignalPage.aspx?lang=en&Ticker=INDU-A.ST
INDU-C.ST;INDUSTRIVARDEN C;75.0;114;64.7;127;61.1;169;66.9;136;https://www.swedishbulls.com/SignalPage.aspx?lang=en&Ticker=INDU-C.ST
INISS-B.ST;INISSION;54.5;117;51.3;137;51.9;191;52.6;148;https://www.swedishbulls.com/SignalPage.aspx?lang=en&Ticker=INISS-B.ST
INSTAL.ST;INSTALCO INTRESSENTER;53.3;125;52.6;128;52.6;128;52.8;127;https://www.swedishbulls.com/SignalPage.aspx?lang=en&Ticker=INSTAL.ST
INTU.ST;INTUITIVE AERIAL;75.0;158;55.9;133;43.9;91;58.3;127;https://www.swedishbulls.com/SignalPage.aspx?lang=en&Ticker=INTU.ST
INVE-A.ST;INVESTOR A;52.9;113;54.1;122;57.7;176;54.9;137;https://www.swedishbulls.com/SignalPage.aspx?lang=en&Ticker=INVE-A.ST
INVE-B.ST;INVESTOR B;70.6;115;72.7;138;66.7;188;70.0;147;https://www.swedishbulls.com/SignalPage.aspx?lang=en&Ticker=INVE-B.ST
INWI.ST;INWIDO;80.0;125;75.8;155;66.7;223;74.2;167;https://www.swedishbulls.com/SignalPage.aspx?lang=en&Ticker=INWI.ST
IPCO.ST;INTERNATIONAL PETROLEUM CORPORATION;73.3;138;77.8;178;77.8;178;76.3;164;https://www.swedishbulls.com/SignalPage.aspx?lang=en&Ticker=IPCO.ST
IQSE.NGM;IQS ENERGI KOMFORT;58.8;89;57.6;93;59.6;97;58.7;93;https://www.swedishbulls.com/SignalPage.aspx?lang=en&Ticker=IQSE.NGM
IRLAB-A.ST;IRLAB THERAPEUTICS;53.3;111;52.0;275;52.0;275;52.4;220;https://www.swedishbulls.com/SignalPage.aspx?lang=en&Ticker=IRLAB-A.ST
IS.ST;IMAGE SYSTEMS;35.7;91;46.4;102;51.6;165;44.6;119;https://www.swedishbulls.com/SignalPage.aspx?lang=en&Ticker=IS.ST
ISOFOL.ST;ISOFOL MEDICAL;45.0;132;42.9;128;42.9;128;43.6;129;https://www.swedishbulls.com/SignalPage.aspx?lang=en&Ticker=ISOFOL.ST
ISR.ST;ISR IMMUNE SYSTEM REGULATION HOLDING;60.0;305;65.2;382;65.2;382;63.5;356;https://www.swedishbulls.com/SignalPage.aspx?lang=en&Ticker=ISR.ST
ITAB-B.ST;ITAB SHOP CONCEPT;57.1;107;60.7;120;61.5;160;59.8;129;https://www.swedishbulls.com/SignalPage.aspx?lang=en&Ticker=ITAB-B.ST
IVACC.ST;INTERVACC;66.7;113;61.1;128;61.1;128;63.0;123;https://www.swedishbulls.com/SignalPage.aspx?lang=en&Ticker=IVACC.ST
IVISYS.ST;IVISYS;55.0;165;56.4;215;55.4;133;55.6;171;https://www.swedishbulls.com/SignalPage.aspx?lang=en&Ticker=IVISYS.ST
IVSO.ST;INVISIO COMMUNICATIONS;71.4;105;64.3;190;60.6;239;65.4;178;https://www.swedishbulls.com/SignalPage.aspx?lang=en&Ticker=IVSO.ST
JAYS.ST;JAYS;45.5;159;40.0;251;40.0;301;41.8;237;https://www.swedishbulls.com/SignalPage.aspx?lang=en&Ticker=JAYS.ST
JLT.ST;JLT MOBILE;59.1;114;63.9;175;62.2;413;61.7;234;https://www.swedishbulls.com/SignalPage.aspx?lang=en&Ticker=JLT.ST
JM.ST;JM;63.2;103;69.7;126;70.1;199;67.7;142;https://www.swedishbulls.com/SignalPage.aspx?lang=en&Ticker=JM.ST
K2A-PREF.ST;K2A KNAUST & AND ANDERSSON FASTIGHET;23.8;95;20.5;93;34.3;106;26.2;98;https://www.swedishbulls.com/SignalPage.aspx?lang=en&Ticker=K2A-PREF.ST
KABE-B.ST;KABE HUSVAGNAR B;52.6;103;65.8;152;58.8;284;59.1;179;https://www.swedishbulls.com/SignalPage.aspx?lang=en&Ticker=KABE-B.ST
KAHL.ST;KAPPAHL;60.0;122;55.8;121;52.5;179;56.1;140;https://www.swedishbulls.com/SignalPage.aspx?lang=en&Ticker=KAHL.ST
KAMBI.ST;KAMBI GROUP;73.3;142;64.9;203;63.6;276;67.3;207;https://www.swedishbulls.com/SignalPage.aspx?lang=en&Ticker=KAMBI.ST
KAN.ST;KANCERA;64.7;141;60.0;177;57.6;221;60.8;179;https://www.swedishbulls.com/SignalPage.aspx?lang=en&Ticker=KAN.ST
KAPIAB.ST;KALLEBACK PROPERTY INVEST;44.4;98;46.9;105;46.9;106;46.1;103;https://www.swedishbulls.com/SignalPage.aspx?lang=en&Ticker=KAPIAB.ST
KARE.ST;KARESSA PHARMA;57.1;87;53.3;83;50.0;62;53.5;77;https://www.swedishbulls.com/SignalPage.aspx?lang=en&Ticker=KARE.ST
KARO.ST;KARO PHARMA;73.3;144;71.4;188;69.3;498;71.3;276;https://www.swedishbulls.com/SignalPage.aspx?lang=en&Ticker=KARO.ST
KDEV.ST;KAROLINSKA DEV;88.9;266;63.9;235;50.0;216;67.6;239;https://www.swedishbulls.com/SignalPage.aspx?lang=en&Ticker=KDEV.ST
KIND-SDB.ST;KINDRED GROUP SDR;57.1;126;59.0;145;63.0;260;59.7;177;https://www.swedishbulls.com/SignalPage.aspx?lang=en&Ticker=KIND-SDB.ST
KINV-A.ST;KINNEVIK A;66.7;116;65.7;152;67.2;206;66.5;158;https://www.swedishbulls.com/SignalPage.aspx?lang=en&Ticker=KINV-A.ST
KINV-B.ST;KINNEVIK B;47.1;106;57.1;128;60.6;186;54.9;140;https://www.swedishbulls.com/SignalPage.aspx?lang=en&Ticker=KINV-B.ST
KLAR.ST;KLARIA PHARMA;66.7;135;62.5;143;58.8;250;62.7;176;https://www.swedishbulls.com/SignalPage.aspx?lang=en&Ticker=KLAR.ST
KLED.ST;KUNGSLEDEN;73.3;104;66.7;124;63.8;151;67.9;126;https://www.swedishbulls.com/SignalPage.aspx?lang=en&Ticker=KLED.ST
KLOV-A.ST;KLOVERN A;60.0;103;65.6;134;54.3;162;60.0;133;https://www.swedishbulls.com/SignalPage.aspx?lang=en&Ticker=KLOV-A.ST
KLOV-B.ST;KLOVERN B;61.9;97;74.2;134;69.8;184;68.6;138;https://www.swedishbulls.com/SignalPage.aspx?lang=en&Ticker=KLOV-B.ST
KLOV-PREF.ST;KLOVERN PREF CNV PRF;63.2;105;67.7;118;66.2;130;65.7;117;https://www.swedishbulls.com/SignalPage.aspx?lang=en&Ticker=KLOV-PREF.ST
KNOW.ST;KNOW IT;68.4;139;62.8;142;50.7;241;60.6;174;https://www.swedishbulls.com/SignalPage.aspx?lang=en&Ticker=KNOW.ST
KOBR MTFB;KOPPARBERGS B;66.7;150;59.0;180;59.7;319;61.8;216;https://www.swedishbulls.com/SignalPage.aspx?lang=en&Ticker=KOBR MTFB
KONT.ST;KONTIGO CARE;71.4;124;65.5;164;65.9;226;67.6;171;https://www.swedishbulls.com/SignalPage.aspx?lang=en&Ticker=KONT.ST
KOPY.ST;KOPY GOLDFIELDS;50.0;92;44.4;97;51.4;220;48.6;136;https://www.swedishbulls.com/SignalPage.aspx?lang=en&Ticker=KOPY.ST
LAGR-B.ST;LAGERCRANTZ GROUP B;66.7;126;70.3;172;62.3;222;66.4;173;https://www.swedishbulls.com/SignalPage.aspx?lang=en&Ticker=LAGR-B.ST
LAMM-B.ST;LAMMHULTS DESIGN GROUP B;87.5;116;65.8;114;55.0;170;69.4;133;https://www.swedishbulls.com/SignalPage.aspx?lang=en&Ticker=LAMM-B.ST
LATO-B.ST;LATOUR INVESTMENT B;60.9;115;53.8;126;57.5;170;57.4;137;https://www.swedishbulls.com/SignalPage.aspx?lang=en&Ticker=LATO-B.ST
LAUR.ST;LAURITZ.COM;71.4;234;61.8;373;62.0;480;65.1;362;https://www.swedishbulls.com/SignalPage.aspx?lang=en&Ticker=LAUR.ST
LEO.ST;LEOVEGAS;77.8;146;65.0;253;50.0;260;64.3;219;https://www.swedishbulls.com/SignalPage.aspx?lang=en&Ticker=LEO.ST
LEX.ST;LEXINGTON COMPANY;60.9;141;58.8;181;56.7;279;58.8;200;https://www.swedishbulls.com/SignalPage.aspx?lang=en&Ticker=LEX.ST
LIAB.ST;LINDAB INTERNATIONAL;73.7;117;60.0;138;61.6;187;65.1;147;https://www.swedishbulls.com/SignalPage.aspx?lang=en&Ticker=LIAB.ST
LIDDS.ST;LIDDS;64.7;189;63.3;302;51.6;264;59.9;251;https://www.swedishbulls.com/SignalPage.aspx?lang=en&Ticker=LIDDS.ST
LIFCO-B.ST;LIFCO B;80.0;145;76.3;187;71.8;289;76.0;207;https://www.swedishbulls.com/SignalPage.aspx?lang=en&Ticker=LIFCO-B.ST
LIFE B;LIFEASSAYS B;;;;;;;;;
LLSW-B.ST;LIGHTLAB SWE B;55.0;143;55.9;171;48.6;120;53.2;144;https://www.swedishbulls.com/SignalPage.aspx?lang=en&Ticker=LLSW-B.ST
LOOM-B.ST;LOOMIS B;64.7;139;63.6;159;70.1;296;66.1;198;https://www.swedishbulls.com/SignalPage.aspx?lang=en&Ticker=LOOM-B.ST
LUC.ST;LUCARA DIAMOND;60.9;138;58.1;165;65.3;280;61.4;194;https://www.swedishbulls.com/SignalPage.aspx?lang=en&Ticker=LUC.ST
LUG.ST;LUNDIN GOLD;53.8;108;56.5;128;62.7;200;57.7;145;https://www.swedishbulls.com/SignalPage.aspx?lang=en&Ticker=LUG.ST
LUMI.ST;LUNDIN MINING;52.4;164;54.8;189;54.8;189;54.0;180;https://www.swedishbulls.com/SignalPage.aspx?lang=en&Ticker=LUMI.ST
LUND-B.ST;LUNDBERGFORETAGEN B;68.4;102;72.7;125;69.8;187;70.3;138;https://www.swedishbulls.com/SignalPage.aspx?lang=en&Ticker=LUND-B.ST
LUPE.ST;LUNDIN PETROLEUM;64.7;123;59.0;113;57.7;168;60.5;134;https://www.swedishbulls.com/SignalPage.aspx?lang=en&Ticker=LUPE.ST
MACK-B.ST;MACKMYRA SVENSK WHISKEY B;63.2;132;57.6;229;44.9;202;55.2;187;https://www.swedishbulls.com/SignalPage.aspx?lang=en&Ticker=MACK-B.ST
MAG.ST;MAGNOLIA BOSTAD;81.2;185;70.6;252;62.5;489;71.4;308;https://www.swedishbulls.com/SignalPage.aspx?lang=en&Ticker=MAG.ST
MAHA-A.ST;MAHA ENERGY;45.0;122;59.4;149;60.9;186;55.1;152;https://www.swedishbulls.com/SignalPage.aspx?lang=en&Ticker=MAHA-A.ST
MAHA-A-TO-1.ST;MAHA ENERGY SUBSCR OPT;;;;;;;;;
MANTEX.ST;MANTEX;64.3;215;66.7;280;66.7;280;65.9;258;https://www.swedishbulls.com/SignalPage.aspx?lang=en&Ticker=MANTEX.ST
MATRA.ST;MATRA PETROLEUM;46.7;130;56.5;189;56.5;189;53.2;169;https://www.swedishbulls.com/SignalPage.aspx?lang=en&Ticker=MATRA.ST
MAV.ST;MAVSHACK AB;83.3;174;73.5;1452;70.3;4932;75.7;2186;https://www.swedishbulls.com/SignalPage.aspx?lang=en&Ticker=MAV.ST
MAXF.ST;MAXFASTIGHETER I SVERIGE;36.4;95;41.4;92;41.4;92;39.7;93;https://www.swedishbulls.com/SignalPage.aspx?lang=en&Ticker=MAXF.ST
MAXK.ST;MAXKOMPETENS;38.9;82;26.9;73;26.9;73;30.9;76;https://www.swedishbulls.com/SignalPage.aspx?lang=en&Ticker=MAXK.ST
MCAP.ST;MEDCAP;66.7;174;67.9;215;59.3;280;64.6;223;https://www.swedishbulls.com/SignalPage.aspx?lang=en&Ticker=MCAP.ST
MCNH.NGM;MEDICA CLINICAL NORTH;;;;;;;;;
MCOV-B.ST;MEDICOVER;75.0;121;64.3;116;64.3;116;67.9;117;https://www.swedishbulls.com/SignalPage.aspx?lang=en&Ticker=MCOV-B.ST
MEAB-B.ST;MALMBERGS ELEKTRISKA B;42.9;107;54.8;112;53.8;122;50.5;113;https://www.swedishbulls.com/SignalPage.aspx?lang=en&Ticker=MEAB-B.ST
MEDR-B.ST;MEDIRATT B;66.7;145;65.4;247;71.2;2393;67.8;928;https://www.swedishbulls.com/SignalPage.aspx?lang=en&Ticker=MEDR-B.ST
MEKO.ST;MEKONOMEN;50.0;113;34.4;100;47.0;126;43.8;113;https://www.swedishbulls.com/SignalPage.aspx?lang=en&Ticker=MEKO.ST
MELK.ST;MELKER SCHORLING;;;;;;;;;
MERT-A.NGM;MERTIVA;41.7;115;40.0;161;50.0;446;43.9;240;https://www.swedishbulls.com/SignalPage.aspx?lang=en&Ticker=MERT-A.NGM
MIC-SDB.ST;MILLICOM INTERNATIONAL CELLULAR SDR;38.1;94;55.6;117;60.2;207;51.3;139;https://www.swedishbulls.com/SignalPage.aspx?lang=en&Ticker=MIC-SDB.ST
MIDW-B.ST;MIDWAY HOLDING B;69.2;121;58.1;151;42.9;110;56.7;127;https://www.swedishbulls.com/SignalPage.aspx?lang=en&Ticker=MIDW-B.ST
MIND.ST;MINDMANCER;;;;;;;;;
MINEST.ST;MINESTO;66.7;176;54.2;177;56.6;364;59.2;239;https://www.swedishbulls.com/SignalPage.aspx?lang=en&Ticker=MINEST.ST
MIPS.ST;MIPS;70.6;126;68.0;149;68.0;149;68.9;141;https://www.swedishbulls.com/SignalPage.aspx?lang=en&Ticker=MIPS.ST
MOB.ST;MOBERG PHARMA;78.6;130;67.6;118;66.7;266;71.0;171;https://www.swedishbulls.com/SignalPage.aspx?lang=en&Ticker=MOB.ST
MOMENT.ST;MOMENT GROUP;50.0;107;27.3;83;40.3;90;39.2;93;https://www.swedishbulls.com/SignalPage.aspx?lang=en&Ticker=MOMENT.ST
MPI.ST;MEDICAL PROGNOSIS INSTITUTE;52.4;124;48.8;110;52.7;142;51.3;125;https://www.swedishbulls.com/SignalPage.aspx?lang=en&Ticker=MPI.ST
MQ.ST;MQ HOLDING;50.0;114;50.0;106;54.3;120;51.4;113;https://www.swedishbulls.com/SignalPage.aspx?lang=en&Ticker=MQ.ST
MRG.ST;MR GREEN;55.6;113;62.2;168;63.6;293;60.5;191;https://www.swedishbulls.com/SignalPage.aspx?lang=en&Ticker=MRG.ST
MSAB-B.ST;MICRO SYSTEMATION B;54.5;137;56.5;181;58.6;366;56.5;228;https://www.swedishbulls.com/SignalPage.aspx?lang=en&Ticker=MSAB-B.ST
MSC-B.ST;MSC GROUP;;;;;;;;;
MSON-A.ST;MIDSONA A;100.0;101;29.4;94;42.9;137;57.4;110;https://www.swedishbulls.com/SignalPage.aspx?lang=en&Ticker=MSON-A.ST
MSON-B.ST;MIDSONA B;71.4;146;62.2;155;61.2;247;64.9;182;https://www.swedishbulls.com/SignalPage.aspx?lang=en&Ticker=MSON-B.ST
MTG-A.ST;MTG A;72.2;134;72.2;154;52.6;163;65.7;150;https://www.swedishbulls.com/SignalPage.aspx?lang=en&Ticker=MTG-A.ST
MTG-B.ST;MODERN TIMES GROUP MTG B;65.0;127;64.3;137;65.9;204;65.1;156;https://www.swedishbulls.com/SignalPage.aspx?lang=en&Ticker=MTG-B.ST
MTRS.ST;MUNTERS GROUP;45.0;81;45.5;83;45.5;83;45.3;82;https://www.swedishbulls.com/SignalPage.aspx?lang=en&Ticker=MTRS.ST
MULQ.ST;MULTIQ INTERNATIONAL;36.8;96;29.7;77;35.1;68;33.9;80;https://www.swedishbulls.com/SignalPage.aspx?lang=en&Ticker=MULQ.ST
MULT.NGM;MULTIDOCKER CARGO HANDLING;52.4;77;54.5;82;54.5;82;53.8;80;https://www.swedishbulls.com/SignalPage.aspx?lang=en&Ticker=MULT.NGM
MVIR-B.ST;MEDIVIR B;64.3;96;72.4;136;60.9;214;65.9;148;https://www.swedishbulls.com/SignalPage.aspx?lang=en&Ticker=MVIR-B.ST
MYFC.ST;MYFC HOLDING;91.7;135;75.0;297;72.6;1873;79.8;768;https://www.swedishbulls.com/SignalPage.aspx?lang=en&Ticker=MYFC.ST
NAXS.ST;NAXS;71.4;102;50.0;92;48.1;87;56.5;93;https://www.swedishbulls.com/SignalPage.aspx?lang=en&Ticker=NAXS.ST
NCC-A.ST;NCC A;71.4;108;69.8;140;61.2;159;67.5;135;https://www.swedishbulls.com/SignalPage.aspx?lang=en&Ticker=NCC-A.ST
NCC-B.ST;NCC B;50.0;95;51.4;112;52.9;134;51.4;113;https://www.swedishbulls.com/SignalPage.aspx?lang=en&Ticker=NCC-B.ST
NDA-SEK.ST;NORDEA BANK;73.3;109;65.7;111;68.9;198;69.3;139;https://www.swedishbulls.com/SignalPage.aspx?lang=en&Ticker=NDA-SEK.ST
NDX.ST;NORDAX GROUP;50.0;128;65.7;140;65.7;230;60.5;166;https://www.swedishbulls.com/SignalPage.aspx?lang=en&Ticker=NDX.ST
NEPA.ST;NEPA;71.4;149;62.5;229;57.4;316;63.8;231;https://www.swedishbulls.com/SignalPage.aspx?lang=en&Ticker=NEPA.ST
NET-B.ST;NETENT;52.6;133;48.6;153;57.5;264;52.9;183;https://www.swedishbulls.com/SignalPage.aspx?lang=en&Ticker=NET-B.ST
NETI-B.ST;NET INSIGHT B;63.2;142;58.5;157;53.2;204;58.3;167;https://www.swedishbulls.com/SignalPage.aspx?lang=en&Ticker=NETI-B.ST
NEWA-B.ST;NEW WAVE GROUP B;68.4;114;58.1;97;57.8;159;61.4;123;https://www.swedishbulls.com/SignalPage.aspx?lang=en&Ticker=NEWA-B.ST
NEXAM.ST;NEXAM CHEMICAL HOLDING;64.7;216;54.8;210;57.9;469;59.1;298;https://www.swedishbulls.com/SignalPage.aspx?lang=en&Ticker=NEXAM.ST
NGQ.ST;NGEX RESOURCES;45.0;110;52.6;138;52.6;193;50.1;147;https://www.swedishbulls.com/SignalPage.aspx?lang=en&Ticker=NGQ.ST
NGS.ST;NGS GROUP;58.8;101;51.5;111;52.3;130;54.2;114;https://www.swedishbulls.com/SignalPage.aspx?lang=en&Ticker=NGS.ST
NHCBHFFS.ST;NORTHERN HORIZON CAPITAL ETF;46.2;99;33.3;95;33.3;95;37.6;96;https://www.swedishbulls.com/SignalPage.aspx?lang=en&Ticker=NHCBHFFS.ST
NIBE-B.ST;NIBE INDUSTRIER B;62.5;112;61.8;146;57.6;189;60.6;149;https://www.swedishbulls.com/SignalPage.aspx?lang=en&Ticker=NIBE-B.ST
NICKE.NGM;NICKEL MOUNTAIN RESOURCES;54.5;122;55.3;153;55.3;153;55.0;142;https://www.swedishbulls.com/SignalPage.aspx?lang=en&Ticker=NICKE.NGM
NICO.ST;NICOCCINO HOLD;50.0;433;55.6;406;54.2;394;53.3;411;https://www.swedishbulls.com/SignalPage.aspx?lang=en&Ticker=NICO.ST
NIL-B.ST;NILORNGRUPPEN;60.0;92;55.8;91;57.0;167;57.6;116;https://www.swedishbulls.com/SignalPage.aspx?lang=en&Ticker=NIL-B.ST
NMAN.ST;NEDERMAN HOLDING;61.1;127;66.7;141;62.3;200;63.4;156;https://www.swedishbulls.com/SignalPage.aspx?lang=en&Ticker=NMAN.ST
NOBI.ST;NOBIA;78.3;128;62.2;139;69.0;219;69.8;162;https://www.swedishbulls.com/SignalPage.aspx?lang=en&Ticker=NOBI.ST
NOBINA.ST;NOBINA;50.0;124;51.4;150;54.4;237;51.9;170;https://www.swedishbulls.com/SignalPage.aspx?lang=en&Ticker=NOBINA.ST
NOKIA-SEK.ST;NOKIA;60.0;125;51.2;132;51.7;176;54.3;144;https://www.swedishbulls.com/SignalPage.aspx?lang=en&Ticker=NOKIA-SEK.ST
NOLA-B.ST;NOLATO B;52.4;159;53.7;211;64.8;332;57.0;234;https://www.swedishbulls.com/SignalPage.aspx?lang=en&Ticker=NOLA-B.ST
NOMI.ST;NORDIC MINES;;;;;;;;;
NOTE.ST;NOTE;58.8;126;58.1;192;55.4;264;57.4;194;https://www.swedishbulls.com/SignalPage.aspx?lang=en&Ticker=NOTE.ST
NP3.ST;NP3 FASTIGHETER;46.7;110;61.3;120;54.0;153;54.0;127;https://www.swedishbulls.com/SignalPage.aspx?lang=en&Ticker=NP3.ST
NTEK-B.ST;NOVOTEK B;62.5;114;55.6;149;42.1;127;53.4;130;https://www.swedishbulls.com/SignalPage.aspx?lang=en&Ticker=NTEK-B.ST
NTGRP.NGM;NET TRADING GROUP NTG;50.0;147;47.1;142;47.1;142;48.1;143;https://www.swedishbulls.com/SignalPage.aspx?lang=en&Ticker=NTGRP.NGM
NUE.ST;NUEVOLUTION;57.1;151;46.2;141;52.6;305;52.0;199;https://www.swedishbulls.com/SignalPage.aspx?lang=en&Ticker=NUE.ST
NVP.ST;NEUROVIVE PHARMACEUTICAL;72.2;147;69.0;187;65.7;844;69.0;392;https://www.swedishbulls.com/SignalPage.aspx?lang=en&Ticker=NVP.ST
NWG.ST;NORDIC WATERPROOFING HOLDING;42.9;106;50.0;114;47.6;109;46.8;109;https://www.swedishbulls.com/SignalPage.aspx?lang=en&Ticker=NWG.ST
NXTMS.ST;NEXSTIM;56.2;101;60.0;163;67.3;1825;61.2;696;https://www.swedishbulls.com/SignalPage.aspx?lang=en&Ticker=NXTMS.ST
OASM.ST;OASMIA PHARMACEUTICAL;47.4;163;48.6;235;54.5;516;50.2;304;https://www.swedishbulls.com/SignalPage.aspx?lang=en&Ticker=OASM.ST
OBAB.ST;ONLINE BRANDS NORDIC;75.0;106;50.0;87;50.0;191;58.3;128;https://www.swedishbulls.com/SignalPage.aspx?lang=en&Ticker=OBAB.ST
OBDU-B.NGM;OBDUCAT B;66.7;112;56.2;128;53.1;211;58.7;150;https://www.swedishbulls.com/SignalPage.aspx?lang=en&Ticker=OBDU-B.NGM
OBDU-PREF-B.NGM;OBDUCAT PRF;50.0;64;42.9;71;42.9;71;45.3;68;https://www.swedishbulls.com/SignalPage.aspx?lang=en&Ticker=OBDU-PREF-B.NGM
ODD.ST;ODD MOLLY INTERNATIONAL;50.0;99;55.6;129;52.9;159;52.8;129;https://www.swedishbulls.com/SignalPage.aspx?lang=en&Ticker=ODD.ST
OEM-B.ST;OEM INTERNATIONAL B;68.8;111;61.1;135;56.9;170;62.3;138;https://www.swedishbulls.com/SignalPage.aspx?lang=en&Ticker=OEM-B.ST
OLDM.ST;OLD MUTUAL;100.0;100;53.3;93;46.2;101;66.5;98;https://www.swedishbulls.com/SignalPage.aspx?lang=en&Ticker=OLDM.ST
ONCO.ST;ONCOPEPTIDES;66.7;148;58.6;239;58.6;239;61.3;208;https://www.swedishbulls.com/SignalPage.aspx?lang=en&Ticker=ONCO.ST
OP.ST;OSCAR PROPERTIES;64.7;144;56.8;117;55.0;230;58.8;163;https://www.swedishbulls.com/SignalPage.aspx?lang=en&Ticker=OP.ST
OP-PREF.ST;OSCAR PROPERTIES PRF;53.8;144;42.4;148;37.3;141;44.5;144;https://www.swedishbulls.com/SignalPage.aspx?lang=en&Ticker=OP-PREF.ST
OP-PREFB.ST;OSCAR PROPERTIES HOLDING PRF;22.7;94;25.0;94;20.5;87;22.7;91;https://www.swedishbulls.com/SignalPage.aspx?lang=en&Ticker=OP-PREFB.ST
OPUS.ST;OPUS GROUP;66.7;109;48.3;108;50.0;261;55.0;159;https://www.swedishbulls.com/SignalPage.aspx?lang=en&Ticker=OPUS.ST
ORES.ST;INVESTMENT OERESUND;72.2;115;66.7;125;62.5;208;67.1;149;https://www.swedishbulls.com/SignalPage.aspx?lang=en&Ticker=ORES.ST
ORGC.ST;ORGANOCLICK;47.6;95;55.3;96;52.1;126;51.7;105;https://www.swedishbulls.com/SignalPage.aspx?lang=en&Ticker=ORGC.ST
ORIF.ST;ORIFLAME HOLDING;47.6;129;53.7;154;55.8;488;52.4;257;https://www.swedishbulls.com/SignalPage.aspx?lang=en&Ticker=ORIF.ST
ORTI-A.ST;ORTIVUS A;54.5;169;66.7;3731;66.7;3731;62.6;2543;https://www.swedishbulls.com/SignalPage.aspx?lang=en&Ticker=ORTI-A.ST
ORTI-B.ST;ORTIVUS B;57.1;140;61.8;250;55.1;345;58.0;245;https://www.swedishbulls.com/SignalPage.aspx?lang=en&Ticker=ORTI-B.ST
ORX.ST;OREXO;82.4;207;64.9;232;66.2;426;71.2;288;https://www.swedishbulls.com/SignalPage.aspx?lang=en&Ticker=ORX.ST
PACT.ST;PROACT IT GROUP;60.9;136;55.8;157;56.2;232;57.6;175;https://www.swedishbulls.com/SignalPage.aspx?lang=en&Ticker=PACT.ST
PALS-B.ST;PALLAS GROUP;62.5;142;65.2;166;65.2;166;64.3;158;https://www.swedishbulls.com/SignalPage.aspx?lang=en&Ticker=PALS-B.ST
PCAT.ST;PHOTOCAT;100.0;101;68.2;128;68.1;261;78.8;163;https://www.swedishbulls.com/SignalPage.aspx?lang=en&Ticker=PCAT.ST
PCELL.ST;POWERCELL SWEDEN;71.4;130;70.0;322;62.1;628;67.8;360;https://www.swedishbulls.com/SignalPage.aspx?lang=en&Ticker=PCELL.ST
PDX.ST;PARADOX INTERACTIVE;68.4;167;62.9;185;57.9;198;63.1;183;https://www.swedishbulls.com/SignalPage.aspx?lang=en&Ticker=PDX.ST
PEAB-B.ST;PEAB B;66.7;145;60.6;180;56.3;197;61.2;174;https://www.swedishbulls.com/SignalPage.aspx?lang=en&Ticker=PEAB-B.ST
PEGRO-PREF.ST;PEGROCO INVEST PRF;26.3;86;29.0;91;32.3;86;29.2;87;https://www.swedishbulls.com/SignalPage.aspx?lang=en&Ticker=PEGRO-PREF.ST
PFE.ST;PFIZER;42.9;99;55.6;101;65.2;169;54.6;123;https://www.swedishbulls.com/SignalPage.aspx?lang=en&Ticker=PFE.ST
PIEZO.ST;PIEZOMOTOR UPPSALA;78.6;363;71.9;529;65.2;654;71.9;515;https://www.swedishbulls.com/SignalPage.aspx?lang=en&Ticker=PIEZO.ST
PLAZ-B.ST;PLATZER FASTIGHETER;61.1;123;47.1;126;50.0;180;52.7;143;https://www.swedishbulls.com/SignalPage.aspx?lang=en&Ticker=PLAZ-B.ST
PLED.ST;PLED PHARMA;63.2;122;64.1;116;50.7;138;59.3;125;https://www.swedishbulls.com/SignalPage.aspx?lang=en&Ticker=PLED.ST
PNDX-B.ST;PANDOX;85.7;127;81.2;136;70.0;159;79.0;140;https://www.swedishbulls.com/SignalPage.aspx?lang=en&Ticker=PNDX-B.ST
PNVA.NGM;PAYNOVA;41.2;88;51.7;115;52.5;160;48.5;121;https://www.swedishbulls.com/SignalPage.aspx?lang=en&Ticker=PNVA.NGM
POLY.ST;POLYPLANK;66.7;119;68.2;131;62.2;354;65.7;201;https://www.swedishbulls.com/SignalPage.aspx?lang=en&Ticker=POLY.ST
POLYG.ST;POLYGIENE;52.4;96;41.0;84;45.9;111;46.4;97;https://www.swedishbulls.com/SignalPage.aspx?lang=en&Ticker=POLYG.ST
POOL-B.ST;POOLIA B;44.4;83;34.1;71;39.3;77;39.3;77;https://www.swedishbulls.com/SignalPage.aspx?lang=en&Ticker=POOL-B.ST
PRCO-B.ST;PRECIO FISHBONE B;50.0;105;60.0;110;58.9;118;56.3;111;https://www.swedishbulls.com/SignalPage.aspx?lang=en&Ticker=PRCO-B.ST
PREC.ST;PRECISE BIOMETRICS;41.2;80;52.0;127;52.9;731;48.7;312;https://www.swedishbulls.com/SignalPage.aspx?lang=en&Ticker=PREC.ST
PREV-B.ST;PREVAS B;41.2;117;31.4;100;41.0;139;37.9;118;https://www.swedishbulls.com/SignalPage.aspx?lang=en&Ticker=PREV-B.ST
PRIC-B.ST;PRICER B;63.2;112;57.6;106;59.2;170;60.0;129;https://www.swedishbulls.com/SignalPage.aspx?lang=en&Ticker=PRIC-B.ST
PRIME.ST;PRIME LIVING;90.0;121;65.0;140;63.6;287;72.9;182;https://www.swedishbulls.com/SignalPage.aspx?lang=en&Ticker=PRIME.ST
PRLD.NGM;PROLIGHT DIAGNOSTICS;66.7;1097;65.0;1593;65.0;1593;65.6;1427;https://www.swedishbulls.com/SignalPage.aspx?lang=en&Ticker=PRLD.NGM
PROB.ST;PROBI AB;73.3;153;71.4;178;70.1;865;71.6;398;https://www.swedishbulls.com/SignalPage.aspx?lang=en&Ticker=PROB.ST
PROF-B.ST;PROFILGRUPPEN B;52.6;121;53.7;124;54.1;276;53.5;173;https://www.swedishbulls.com/SignalPage.aspx?lang=en&Ticker=PROF-B.ST
PXXS-SDB.ST;PEARL EXPLORATION AND PROD GDR;69.2;127;54.3;176;49.2;513;57.6;272;https://www.swedishbulls.com/SignalPage.aspx?lang=en&Ticker=PXXS-SDB.ST
QLRO.ST;QLIRO GROUP;36.8;95;48.7;118;54.8;225;46.8;146;https://www.swedishbulls.com/SignalPage.aspx?lang=en&Ticker=QLRO.ST
QUART-PREF.ST;QUARTIERS PROPERTIES PRF;25.0;96;23.5;96;31.8;97;26.8;96;https://www.swedishbulls.com/SignalPage.aspx?lang=en&Ticker=QUART-PREF.ST
RATO-A.ST;RATOS A;75.0;130;63.9;146;64.3;244;67.7;173;https://www.swedishbulls.com/SignalPage.aspx?lang=en&Ticker=RATO-A.ST
RATO-B.ST;RATOS B;63.6;105;65.7;115;59.5;147;62.9;122;https://www.swedishbulls.com/SignalPage.aspx?lang=en&Ticker=RATO-B.ST
RAY-B.ST;RAYSEARCH LABORATORIES B;82.4;162;71.0;196;64.6;483;72.7;280;https://www.swedishbulls.com/SignalPage.aspx?lang=en&Ticker=RAY-B.ST
RECI-B.ST;RECIPHARM AB;63.6;127;57.9;144;63.9;248;61.8;173;https://www.swedishbulls.com/SignalPage.aspx?lang=en&Ticker=RECI-B.ST
REJL-B.ST;REJLERS B;52.4;106;57.1;148;56.1;190;55.2;148;https://www.swedishbulls.com/SignalPage.aspx?lang=en&Ticker=REJL-B.ST
RENT.NGM;RENTUNDER HOLDING;72.2;144;77.3;157;77.3;157;75.6;152;https://www.swedishbulls.com/SignalPage.aspx?lang=en&Ticker=RENT.NGM
RESURS.ST;RESURS HOLDING;42.1;105;62.5;117;69.8;174;58.1;132;https://www.swedishbulls.com/SignalPage.aspx?lang=en&Ticker=RESURS.ST
REZT.ST;REZIDOR HOTEL GROUP;63.2;125;51.4;116;61.0;149;58.5;130;https://www.swedishbulls.com/SignalPage.aspx?lang=en&Ticker=REZT.ST
RISEN.NGM;RIPASSO ENERGY;65.0;358;68.4;396;67.5;376;67.0;376;https://www.swedishbulls.com/SignalPage.aspx?lang=en&Ticker=RISEN.NGM
RLS.ST;RUBICON LIFE SCIENCE;66.7;193;55.2;190;56.1;358;59.3;247;https://www.swedishbulls.com/SignalPage.aspx?lang=en&Ticker=RLS.ST
RNBS.ST;RETAIL AND BRANDS;42.9;95;42.5;87;50.0;150;45.1;110;https://www.swedishbulls.com/SignalPage.aspx?lang=en&Ticker=RNBS.ST
RROS.ST;ROTTNEROS;68.8;119;50.0;133;50.0;151;56.3;134;https://www.swedishbulls.com/SignalPage.aspx?lang=en&Ticker=RROS.ST
RTC.ST;RETHINKING CARE SWEDEN;72.7;108;59.3;139;59.3;139;63.8;128;https://www.swedishbulls.com/SignalPage.aspx?lang=en&Ticker=RTC.ST
SAAB-B.ST;SAAB B;64.7;112;75.8;187;64.0;251;68.2;183;https://www.swedishbulls.com/SignalPage.aspx?lang=en&Ticker=SAAB-B.ST
SAGA-A.ST;SAGAX;50.0;101;50.0;114;51.8;227;50.6;147;https://www.swedishbulls.com/SignalPage.aspx?lang=en&Ticker=SAGA-A.ST
SAGA-B.ST;SAGAX B;56.2;95;52.8;102;52.9;152;54.0;116;https://www.swedishbulls.com/SignalPage.aspx?lang=en&Ticker=SAGA-B.ST
SAGA-D.ST;SAGAX LINE D;38.5;100;58.6;113;54.5;110;50.5;107;https://www.swedishbulls.com/SignalPage.aspx?lang=en&Ticker=SAGA-D.ST
SAGA-PREF.ST;SAGAX PRF;52.9;95;64.5;104;58.0;110;58.5;103;https://www.swedishbulls.com/SignalPage.aspx?lang=en&Ticker=SAGA-PREF.ST
SALT-B.ST;SALTX TECHNOLOGY HOLDING;53.8;140;58.1;579;56.5;5429;56.1;2049;https://www.swedishbulls.com/SignalPage.aspx?lang=en&Ticker=SALT-B.ST
SALT-TO-2B.ST;SALTX TECHNOLOGY HOLDING SUBSCR OPT;57.1;152;65.4;701;67.6;1644;63.4;832;https://www.swedishbulls.com/SignalPage.aspx?lang=en&Ticker=SALT-TO-2B.ST
SAND.ST;SANDVIK;71.4;121;54.8;115;53.3;171;59.8;135;https://www.swedishbulls.com/SignalPage.aspx?lang=en&Ticker=SAND.ST
SANION.ST;SANIONA A/S;64.3;127;75.0;210;72.7;1598;70.7;645;https://www.swedishbulls.com/SignalPage.aspx?lang=en&Ticker=SANION.ST
SAPIAB.ST;SALTANGEN;47.4;109;44.2;108;42.3;116;44.6;111;https://www.swedishbulls.com/SignalPage.aspx?lang=en&Ticker=SAPIAB.ST
SARSYS.NGM;SCANDINAVIAN AIRPORT AND ROAD SYSTEM;21.1;56;27.6;41;27.6;41;25.4;46;https://www.swedishbulls.com/SignalPage.aspx?lang=en&Ticker=SARSYS.NGM
SAS.ST;SAS;55.6;125;55.9;217;55.3;263;55.6;201;https://www.swedishbulls.com/SignalPage.aspx?lang=en&Ticker=SAS.ST
SAS-PREF.ST;SAS PRF;;;;;;;;;
SAVOS.ST;SAVO SOLAR;52.9;119;63.3;1347;63.3;3851;59.8;1772;https://www.swedishbulls.com/SignalPage.aspx?lang=en&Ticker=SAVOS.ST
SAXG.ST;SAXLUND GROUP;35.0;101;36.4;137;50.0;223;40.5;153;https://www.swedishbulls.com/SignalPage.aspx?lang=en&Ticker=SAXG.ST
SBB-B.ST;SAMHALLSBYGGNADSBOLAGET I NORDEN;50.0;111;57.1;149;51.3;267;52.8;175;https://www.swedishbulls.com/SignalPage.aspx?lang=en&Ticker=SBB-B.ST
SCA-A.ST;SVENSKA CELLULOSA A;57.1;136;47.5;145;57.9;184;54.2;155;https://www.swedishbulls.com/SignalPage.aspx?lang=en&Ticker=SCA-A.ST
SCA-B.ST;SVENSKA CELLULOSA B;63.2;129;62.2;145;55.4;144;60.3;139;https://www.swedishbulls.com/SignalPage.aspx?lang=en&Ticker=SCA-B.ST
SCST.ST;SCANDI STANDARD;28.6;99;34.1;86;44.9;110;35.9;98;https://www.swedishbulls.com/SignalPage.aspx?lang=en&Ticker=SCST.ST
SDIP-B.ST;SDIPTECH;70.0;114;65.4;116;65.4;116;66.9;115;https://www.swedishbulls.com/SignalPage.aspx?lang=en&Ticker=SDIP-B.ST
SDIP-PREF.ST;SDIPTECH PRF;10.5;89;31.2;101;31.2;96;24.3;95;https://www.swedishbulls.com/SignalPage.aspx?lang=en&Ticker=SDIP-PREF.ST
SDOS.ST;SCANDIDOS;62.5;145;61.3;248;48.5;214;57.4;202;https://www.swedishbulls.com/SignalPage.aspx?lang=en&Ticker=SDOS.ST
SEAM.ST;SEAMLESS DISTRIBUTION B;;;;;;;;;
SEB-A.ST;SE BANKEN A;60.0;104;54.5;97;60.5;133;58.3;111;https://www.swedishbulls.com/SignalPage.aspx?lang=en&Ticker=SEB-A.ST
SEB-C.ST;SE BANKEN C;73.7;109;62.2;101;64.8;152;66.9;120;https://www.swedishbulls.com/SignalPage.aspx?lang=en&Ticker=SEB-C.ST
SECARE.ST;SWEDENCARE;50.0;125;61.3;138;54.0;123;55.1;128;https://www.swedishbulls.com/SignalPage.aspx?lang=en&Ticker=SECARE.ST
SECI.ST;SECITS HOLDING;52.6;86;56.5;93;56.5;93;55.2;90;https://www.swedishbulls.com/SignalPage.aspx?lang=en&Ticker=SECI.ST
SECT-B.ST;SECTRA B;35.0;105;38.2;120;44.4;187;39.2;137;https://www.swedishbulls.com/SignalPage.aspx?lang=en&Ticker=SECT-B.ST
SECU-B.ST;SECURITAS B;76.5;114;67.7;128;63.1;141;69.1;127;https://www.swedishbulls.com/SignalPage.aspx?lang=en&Ticker=SECU-B.ST
SEMC.ST;SEMCON;41.2;115;45.7;124;45.6;194;44.2;144;https://www.swedishbulls.com/SignalPage.aspx?lang=en&Ticker=SEMC.ST
SENS.ST;SENSYS GATSO;60.9;241;59.5;356;64.4;513;61.6;370;https://www.swedishbulls.com/SignalPage.aspx?lang=en&Ticker=SENS.ST
SERT.ST;SERSTECH;55.6;316;58.8;493;57.6;8518;57.3;3109;https://www.swedishbulls.com/SignalPage.aspx?lang=en&Ticker=SERT.ST
SES.ST;SCAND ENVIRO SYS;58.3;479;57.1;608;53.0;1167;56.1;751;https://www.swedishbulls.com/SignalPage.aspx?lang=en&Ticker=SES.ST
SEYE.ST;SMART EYE;80.0;85;71.1;110;71.1;110;74.1;101;https://www.swedishbulls.com/SignalPage.aspx?lang=en&Ticker=SEYE.ST
SEZI.ST;SENZIME;50.0;115;50.0;114;54.7;275;51.6;168;https://www.swedishbulls.com/SignalPage.aspx?lang=en&Ticker=SEZI.ST
SF.ST;STILLFRONT GROUP;75.0;220;66.7;266;60.6;383;67.4;289;https://www.swedishbulls.com/SignalPage.aspx?lang=en&Ticker=SF.ST
SHB-A.ST;SVENSKA HANDELSBANKEN A;75.0;115;62.9;104;60.8;133;66.2;117;https://www.swedishbulls.com/SignalPage.aspx?lang=en&Ticker=SHB-A.ST
SHB-B.ST;HANDELSBANKEN B;65.2;117;69.2;123;68.8;165;67.7;135;https://www.swedishbulls.com/SignalPage.aspx?lang=en&Ticker=SHB-B.ST
SHOT.ST;SCANDIC HOTELS GROUP;52.6;115;51.6;123;47.8;177;50.7;138;https://www.swedishbulls.com/SignalPage.aspx?lang=en&Ticker=SHOT.ST
SIMRIS-B.ST;SIMRIS ALG;62.5;163;48.5;163;57.1;258;56.0;194;https://www.swedishbulls.com/SignalPage.aspx?lang=en&Ticker=SIMRIS-B.ST
SINT.ST;SINTERCAST;80.0;121;45.2;101;45.6;96;56.9;106;https://www.swedishbulls.com/SignalPage.aspx?lang=en&Ticker=SINT.ST
SJR-B.ST;SJR B;62.5;114;55.9;132;55.7;142;58.0;129;https://www.swedishbulls.com/SignalPage.aspx?lang=en&Ticker=SJR-B.ST
SKA-B.ST;SKANSKA B;50.0;107;52.5;114;52.4;133;51.6;118;https://www.swedishbulls.com/SignalPage.aspx?lang=en&Ticker=SKA-B.ST
SKF-A.ST;SKF A;68.2;117;60.0;137;55.8;169;61.3;141;https://www.swedishbulls.com/SignalPage.aspx?lang=en&Ticker=SKF-A.ST
SKF-B.ST;SKF B;71.4;125;55.9;134;56.4;156;61.2;138;https://www.swedishbulls.com/SignalPage.aspx?lang=en&Ticker=SKF-B.ST
SKIS-B.ST;SKISTAR B;86.7;125;73.5;188;57.7;254;72.6;189;https://www.swedishbulls.com/SignalPage.aspx?lang=en&Ticker=SKIS-B.ST
SMF.ST;SEMAFO;73.3;126;59.5;119;60.9;302;64.6;182;https://www.swedishbulls.com/SignalPage.aspx?lang=en&Ticker=SMF.ST
SNM.ST;SHAMARAN PETROLEUM;75.0;146;73.1;193;60.9;374;69.7;237;https://www.swedishbulls.com/SignalPage.aspx?lang=en&Ticker=SNM.ST
SOBI.ST;SWEDISH ORPHAN BIOVITRUM;86.7;119;64.9;119;59.5;155;70.4;131;https://www.swedishbulls.com/SignalPage.aspx?lang=en&Ticker=SOBI.ST
SOF-B.ST;SOFTRONIC B;50.0;115;50.0;162;40.6;169;46.9;148;https://www.swedishbulls.com/SignalPage.aspx?lang=en&Ticker=SOF-B.ST
SOLT.ST;SOLTECH ENERGY;72.2;233;69.2;300;71.2;389;70.9;307;https://www.swedishbulls.com/SignalPage.aspx?lang=en&Ticker=SOLT.ST
SONE.ST;SONETEL;50.0;98;61.1;125;61.1;125;57.4;116;https://www.swedishbulls.com/SignalPage.aspx?lang=en&Ticker=SONE.ST
SOSIL.NGM;SOTKAMO SILVER;50.0;98;44.1;74;51.7;272;48.6;148;https://www.swedishbulls.com/SignalPage.aspx?lang=en&Ticker=SOSIL.NGM
SPIFFX.ST;SPIFFX;69.2;539;70.4;755;56.4;1119;65.3;804;https://www.swedishbulls.com/SignalPage.aspx?lang=en&Ticker=SPIFFX.ST
SPOR.ST;SPORTAMORE;80.0;139;78.8;237;70.1;541;76.3;305;https://www.swedishbulls.com/SignalPage.aspx?lang=en&Ticker=SPOR.ST
SPRINT.ST;SPRINT BIOSCIENCE;26.3;66;40.7;93;48.3;151;38.4;103;https://www.swedishbulls.com/SignalPage.aspx?lang=en&Ticker=SPRINT.ST
SRNKE-B.ST;SERNEKE GROUP;65.0;120;57.5;140;59.5;147;60.7;135;https://www.swedishbulls.com/SignalPage.aspx?lang=en&Ticker=SRNKE-B.ST
SSAB-A.ST;SSAB A;64.7;127;70.0;178;66.2;358;67.0;221;https://www.swedishbulls.com/SignalPage.aspx?lang=en&Ticker=SSAB-A.ST
SSAB-B.ST;SSAB B;76.9;127;78.8;181;68.7;353;74.8;220;https://www.swedishbulls.com/SignalPage.aspx?lang=en&Ticker=SSAB-B.ST
SSM.ST;SSM HOLDING;76.5;186;65.2;183;65.2;183;69.0;184;https://www.swedishbulls.com/SignalPage.aspx?lang=en&Ticker=SSM.ST
STAR-A.ST;STARBREEZE A;76.9;226;76.7;286;73.7;772;75.8;428;https://www.swedishbulls.com/SignalPage.aspx?lang=en&Ticker=STAR-A.ST
STAR-B.ST;STARBREEZE B;61.9;155;60.5;152;60.6;325;61.0;210;https://www.swedishbulls.com/SignalPage.aspx?lang=en&Ticker=STAR-B.ST
STE-A.ST;STORA ENSO A;65.2;126;61.2;139;62.1;187;62.8;150;https://www.swedishbulls.com/SignalPage.aspx?lang=en&Ticker=STE-A.ST
STEF-B.ST;STENDORREN FASTIGHETER;58.8;100;54.8;98;57.1;151;56.9;116;https://www.swedishbulls.com/SignalPage.aspx?lang=en&Ticker=STEF-B.ST
STE-R.ST;STORA ENSO R;63.2;131;55.8;132;58.2;186;59.1;149;https://www.swedishbulls.com/SignalPage.aspx?lang=en&Ticker=STE-R.ST
STIL.ST;STILLE;41.2;119;58.1;168;60.0;400;53.1;229;https://www.swedishbulls.com/SignalPage.aspx?lang=en&Ticker=STIL.ST
STRAX.ST;STRAX;56.2;101;57.6;116;52.9;143;55.6;120;https://www.swedishbulls.com/SignalPage.aspx?lang=en&Ticker=STRAX.ST
STW.ST;SEATWIRL;72.2;160;61.8;322;61.8;322;65.3;268;https://www.swedishbulls.com/SignalPage.aspx?lang=en&Ticker=STW.ST
SUSW.ST;SURGICAL SCIENCE SWEDEN;77.8;113;75.0;131;75.0;131;75.9;125;https://www.swedishbulls.com/SignalPage.aspx?lang=en&Ticker=SUSW.ST
SVED-B.ST;SVEDBERGS I DALSTORP B;44.4;100;39.5;91;46.1;116;43.3;102;https://www.swedishbulls.com/SignalPage.aspx?lang=en&Ticker=SVED-B.ST
SVIK.ST;STUDSVIK;60.0;107;48.6;110;46.7;301;51.8;172;https://www.swedishbulls.com/SignalPage.aspx?lang=en&Ticker=SVIK.ST
SVOL-A.ST;SVOLDER A;50.0;100;50.0;116;52.8;176;50.9;130;https://www.swedishbulls.com/SignalPage.aspx?lang=en&Ticker=SVOL-A.ST
SVOL-B.ST;SVOLDER B;70.0;102;66.7;131;63.2;240;66.6;157;https://www.swedishbulls.com/SignalPage.aspx?lang=en&Ticker=SVOL-B.ST
SWEC-A.ST;SWECO A;27.8;88;35.3;84;50.0;187;37.7;119;https://www.swedishbulls.com/SignalPage.aspx?lang=en&Ticker=SWEC-A.ST
SWEC-B.ST;SWECO B;82.6;133;72.1;147;65.4;210;73.4;163;https://www.swedishbulls.com/SignalPage.aspx?lang=en&Ticker=SWEC-B.ST
SWED-A.ST;SWEDBANK A;64.7;108;40.5;92;48.1;115;51.1;105;https://www.swedishbulls.com/SignalPage.aspx?lang=en&Ticker=SWED-A.ST
SWMA.ST;SWEDISH MATCH;73.3;112;60.6;116;58.2;127;64.0;118;https://www.swedishbulls.com/SignalPage.aspx?lang=en&Ticker=SWMA.ST
SWOL-B.ST;SWEDOL B;66.7;103;45.5;107;52.2;192;54.8;134;https://www.swedishbulls.com/SignalPage.aspx?lang=en&Ticker=SWOL-B.ST
SYSR.ST;SYSTEMAIR;55.0;100;46.7;97;40.0;97;47.2;98;https://www.swedishbulls.com/SignalPage.aspx?lang=en&Ticker=SYSR.ST
TALK.ST;TALKPOOL;66.7;186;67.6;197;66.1;259;66.8;214;https://www.swedishbulls.com/SignalPage.aspx?lang=en&Ticker=TALK.ST
TANGI.ST;TANGIAMO TOUCH TECHNOLOGY;75.0;154;65.4;201;65.4;201;68.6;185;https://www.swedishbulls.com/SignalPage.aspx?lang=en&Ticker=TANGI.ST
TASTE.ST;MYTASTE;54.5;95;48.0;76;44.1;129;48.9;100;https://www.swedishbulls.com/SignalPage.aspx?lang=en&Ticker=TASTE.ST
TCC.ST;TC CONNECT;81.2;158;68.4;141;68.4;141;72.7;146;https://www.swedishbulls.com/SignalPage.aspx?lang=en&Ticker=TCC.ST
TCT.ST;TCT TECH SWEDEN;87.5;146;59.4;115;54.7;333;67.2;198;https://www.swedishbulls.com/SignalPage.aspx?lang=en&Ticker=TCT.ST
TEL2-A.ST;TELE2 A;63.2;106;65.7;114;69.9;192;66.3;137;https://www.swedishbulls.com/SignalPage.aspx?lang=en&Ticker=TEL2-A.ST
TEL2-B.ST;TELE2 B;66.7;106;57.4;117;57.0;131;60.4;118;https://www.swedishbulls.com/SignalPage.aspx?lang=en&Ticker=TEL2-B.ST
TEONE.ST;TARGETEVERYONE;50.0;109;37.5;66;49.2;120;45.6;98;https://www.swedishbulls.com/SignalPage.aspx?lang=en&Ticker=TEONE.ST
TERRNT-B.ST;TERRANET HOLDING;53.8;157;50.0;146;50.0;146;51.3;149;https://www.swedishbulls.com/SignalPage.aspx?lang=en&Ticker=TERRNT-B.ST
TETY.ST;TETHYS OIL;57.9;123;63.6;181;63.1;331;61.5;211;https://www.swedishbulls.com/SignalPage.aspx?lang=en&Ticker=TETY.ST
TFBANK.ST;TF BANK;45.0;96;50.0;96;52.1;106;49.0;99;https://www.swedishbulls.com/SignalPage.aspx?lang=en&Ticker=TFBANK.ST
TGATE.NGM;THREE GATES;33.3;56;44.1;70;47.6;89;41.7;71;https://www.swedishbulls.com/SignalPage.aspx?lang=en&Ticker=TGATE.NGM
THQN-B.ST;THQ NORDIC;71.4;250;62.2;409;65.3;554;66.3;404;https://www.swedishbulls.com/SignalPage.aspx?lang=en&Ticker=THQN-B.ST
THULE.ST;THULE GROUP;70.6;116;61.3;122;59.7;155;63.9;131;https://www.swedishbulls.com/SignalPage.aspx?lang=en&Ticker=THULE.ST
TIEN.ST;TIETO;72.2;116;59.5;119;66.2;154;66.0;129;https://www.swedishbulls.com/SignalPage.aspx?lang=en&Ticker=TIEN.ST
TLSN.ST;TELIA COMPANY;66.7;106;69.7;122;57.3;117;64.6;115;https://www.swedishbulls.com/SignalPage.aspx?lang=en&Ticker=TLSN.ST
TMG.ST;THE MARKETING GROUP;57.1;129;66.7;595;69.6;2001;64.5;908;https://www.swedishbulls.com/SignalPage.aspx?lang=en&Ticker=TMG.ST
TOBII.ST;TOBII;75.0;182;68.8;241;66.7;382;70.2;268;https://www.swedishbulls.com/SignalPage.aspx?lang=en&Ticker=TOBII.ST
TOBIN.ST;TOBIN PROPERTIES;57.1;151;56.2;168;55.3;158;56.2;159;https://www.swedishbulls.com/SignalPage.aspx?lang=en&Ticker=TOBIN.ST
TOBIN-PREF.ST;TOBIN PROPERTIES PRF;47.4;108;37.5;101;35.1;43;40.0;84;https://www.swedishbulls.com/SignalPage.aspx?lang=en&Ticker=TOBIN-PREF.ST
TRAC-B.ST;TRACTION B;57.9;106;55.3;144;59.4;231;57.5;160;https://www.swedishbulls.com/SignalPage.aspx?lang=en&Ticker=TRAC-B.ST
TRANS.ST;TRANSTEMA;68.8;199;68.8;307;67.7;2512;68.4;1006;https://www.swedishbulls.com/SignalPage.aspx?lang=en&Ticker=TRANS.ST
TREL-B.ST;TRELLEBORG B;53.8;112;54.1;121;63.4;171;57.1;134;https://www.swedishbulls.com/SignalPage.aspx?lang=en&Ticker=TREL-B.ST
TRENT.ST;TRENTION;66.7;109;61.1;118;42.3;104;56.7;110;https://www.swedishbulls.com/SignalPage.aspx?lang=en&Ticker=TRENT.ST
TROAX.ST;TROAX GROUP;63.2;110;68.6;177;56.3;290;62.7;192;https://www.swedishbulls.com/SignalPage.aspx?lang=en&Ticker=TROAX.ST
UFLX-B.ST;UNIFLEX B;46.2;113;40.0;119;46.2;144;44.1;125;https://www.swedishbulls.com/SignalPage.aspx?lang=en&Ticker=UFLX-B.ST
ULED.NGM;UNI-LIGHT LED;34.6;-13;37.8;-11;36.2;-10;36.2;-11;https://www.swedishbulls.com/SignalPage.aspx?lang=en&Ticker=ULED.NGM
UNIBAP.ST;UNIBAP;47.4;122;55.2;255;55.2;255;52.6;210;https://www.swedishbulls.com/SignalPage.aspx?lang=en&Ticker=UNIBAP.ST
UTG.ST;UNLIMITED TRAVEL GROUP;53.3;125;51.7;146;52.4;230;52.5;167;https://www.swedishbulls.com/SignalPage.aspx?lang=en&Ticker=UTG.ST
VBG-B.ST;VBG B;76.9;127;62.5;154;59.1;227;66.2;169;https://www.swedishbulls.com/SignalPage.aspx?lang=en&Ticker=VBG-B.ST
VEMF-SDB.ST;VOSTOK EMERGING FINANCE SDR;63.6;118;52.0;125;55.1;189;56.9;144;https://www.swedishbulls.com/SignalPage.aspx?lang=en&Ticker=VEMF-SDB.ST
VERI.ST;VERISEC;76.2;155;60.5;218;64.7;295;67.1;222;https://www.swedishbulls.com/SignalPage.aspx?lang=en&Ticker=VERI.ST
VICO.ST;VICORE PHARMA HOLDING;75.0;165;64.3;301;53.6;954;64.3;473;https://www.swedishbulls.com/SignalPage.aspx?lang=en&Ticker=VICO.ST
VICP.ST;VICTORIA PARK;42.1;100;48.6;120;52.2;228;47.6;149;https://www.swedishbulls.com/SignalPage.aspx?lang=en&Ticker=VICP.ST
VICP-B.ST;VICTORIA PARK B;64.3;115;60.7;134;60.7;295;61.9;181;https://www.swedishbulls.com/SignalPage.aspx?lang=en&Ticker=VICP-B.ST
VICP-PREF.ST;VICTORIA PARK PRF;33.3;92;36.1;97;40.0;108;36.5;99;https://www.swedishbulls.com/SignalPage.aspx?lang=en&Ticker=VICP-PREF.ST
VIT-B.ST;VITEC SOFTWARE GROUP B;61.9;112;54.1;133;53.7;218;56.6;154;https://www.swedishbulls.com/SignalPage.aspx?lang=en&Ticker=VIT-B.ST
VITR.ST;VITROLIFE;57.9;102;57.6;157;65.8;408;60.4;222;https://www.swedishbulls.com/SignalPage.aspx?lang=en&Ticker=VITR.ST
VNV-SDB.ST;VOSTOK NEW VENTURES SDR;57.1;102;53.8;104;59.4;185;56.8;130;https://www.swedishbulls.com/SignalPage.aspx?lang=en&Ticker=VNV-SDB.ST
VOLO.ST;VOLATI;43.8;105;47.4;134;47.5;133;46.2;124;https://www.swedishbulls.com/SignalPage.aspx?lang=en&Ticker=VOLO.ST
VOLO-PREF.ST;VOLATI PRF;33.3;98;40.0;105;37.5;113;36.9;105;https://www.swedishbulls.com/SignalPage.aspx?lang=en&Ticker=VOLO-PREF.ST
VOLV-A.ST;VOLVO A;66.7;106;64.7;126;66.7;211;66.0;147;https://www.swedishbulls.com/SignalPage.aspx?lang=en&Ticker=VOLV-A.ST
VOLV-B.ST;VOLVO B;62.5;116;62.5;126;58.5;199;61.2;147;https://www.swedishbulls.com/SignalPage.aspx?lang=en&Ticker=VOLV-B.ST
VRG-B.ST;VENUE B;42.1;99;41.9;98;47.7;167;43.9;121;https://www.swedishbulls.com/SignalPage.aspx?lang=en&Ticker=VRG-B.ST
VSSAB-B.ST;VIKING SUPPLY SHIPS;76.5;217;48.6;159;50.0;333;58.4;236;https://www.swedishbulls.com/SignalPage.aspx?lang=en&Ticker=VSSAB-B.ST
WALL-B.ST;WALLENSTAM B;58.8;102;59.5;115;61.3;143;59.9;120;https://www.swedishbulls.com/SignalPage.aspx?lang=en&Ticker=WALL-B.ST
WESC.ST;WESC;47.4;123;45.2;107;39.0;47;43.9;92;https://www.swedishbulls.com/SignalPage.aspx?lang=en&Ticker=WESC.ST
WIHL.ST;WIHLBORGS FASTIGHETER;75.0;103;75.0;133;71.0;179;73.7;138;https://www.swedishbulls.com/SignalPage.aspx?lang=en&Ticker=WIHL.ST
WINT.ST;WEST INTERNATIONAL;64.3;117;65.5;237;60.6;356;63.5;236;https://www.swedishbulls.com/SignalPage.aspx?lang=en&Ticker=WINT.ST
WISE.ST;WISE GROUP;43.8;113;40.5;112;45.1;144;43.1;123;https://www.swedishbulls.com/SignalPage.aspx?lang=en&Ticker=WISE.ST
WTX.ST;WILSON THERAPEUTICS SHS;56.0;172;60.0;226;60.7;553;58.9;317;https://www.swedishbulls.com/SignalPage.aspx?lang=en&Ticker=WTX.ST
XACT.ST;XACT OMX30 ETF;46.2;104;45.5;97;58.0;124;49.9;108;https://www.swedishbulls.com/SignalPage.aspx?lang=en&Ticker=XACT.ST
XACT-BEAR.ST;XACT BEAR ETF;50.0;111;47.2;112;51.2;108;49.5;110;https://www.swedishbulls.com/SignalPage.aspx?lang=en&Ticker=XACT-BEAR.ST
XACT-BEAR-2.ST;XACT BEAR2 ETF;46.7;120;50.0;126;57.5;145;51.4;130;https://www.swedishbulls.com/SignalPage.aspx?lang=en&Ticker=XACT-BEAR-2.ST
XACT-BULL.ST;XACT BULL ETF;61.5;99;54.8;110;57.3;148;57.9;119;https://www.swedishbulls.com/SignalPage.aspx?lang=en&Ticker=XACT-BULL.ST
XACT-BULL-2.ST;XACT BULL2 ETF;60.0;104;65.5;112;63.4;162;63.0;126;https://www.swedishbulls.com/SignalPage.aspx?lang=en&Ticker=XACT-BULL-2.ST
XACTHDIV.ST;XACTHDIV ETF;68.4;102;58.6;102;58.6;102;61.9;102;https://www.swedishbulls.com/SignalPage.aspx?lang=en&Ticker=XACTHDIV.ST
XACT-NORDEN-30.ST;XACT NORDEN 30 ETF;50.0;98;45.0;104;51.2;110;48.7;104;https://www.swedishbulls.com/SignalPage.aspx?lang=en&Ticker=XACT-NORDEN-30.ST
XACT-OMXSB-UTD.ST;XACT OMXSB Utd ETF;60.0;105;51.7;106;62.7;145;58.1;118;https://www.swedishbulls.com/SignalPage.aspx?lang=en&Ticker=XACT-OMXSB-UTD.ST
XACT-SMABOLAG.ST;XACT SVENSKA SMABOLAG UCITS ETF;78.6;108;66.7;119;64.5;144;69.9;123;https://www.swedishbulls.com/SignalPage.aspx?lang=en&Ticker=XACT-SMABOLAG.ST
XANO-B.ST;XANO INDUSTRI B;68.4;155;74.3;271;65.3;445;69.3;290;https://www.swedishbulls.com/SignalPage.aspx?lang=en&Ticker=XANO-B.ST
XBRANE.ST;XBRANE BIOPHARMA;66.7;168;52.6;284;61.7;428;60.3;293;https://www.swedishbulls.com/SignalPage.aspx?lang=en&Ticker=XBRANE.ST
XESC.ST;DBX ES50 DR 1C ETF;100.0;112;71.4;110;75.0;112;82.1;111;https://www.swedishbulls.com/SignalPage.aspx?lang=en&Ticker=XESC.ST
XINT.ST;XINTELA;53.3;103;48.1;109;49.1;200;50.2;137;https://www.swedishbulls.com/SignalPage.aspx?lang=en&Ticker=XINT.ST
XMEM.ST;DB X-TRACKERS MSCI EM ETF;56.5;114;61.2;113;61.3;118;59.7;115;https://www.swedishbulls.com/SignalPage.aspx?lang=en&Ticker=XMEM.ST
XMR.ST;XMREALITY;70.0;136;72.7;167;72.7;167;71.8;156;https://www.swedishbulls.com/SignalPage.aspx?lang=en&Ticker=XMR.ST
XMWO.ST;DBX MSCI WORLD ETF;60.0;110;43.3;105;51.6;117;51.6;110;https://www.swedishbulls.com/SignalPage.aspx?lang=en&Ticker=XMWO.ST
XSPX.ST;DB X-TRACKERS S&P 500 ETF;75.0;111;60.7;109;57.4;131;64.4;117;https://www.swedishbulls.com/SignalPage.aspx?lang=en&Ticker=XSPX.ST
XVIVO.ST;XVIVO PERFUS;72.2;115;61.8;134;53.8;211;62.6;153;https://www.swedishbulls.com/SignalPage.aspx?lang=en&Ticker=XVIVO.ST
ZAPLOX.ST;ZAPLOX;85.7;218;81.2;259;81.2;259;82.7;245;https://www.swedishbulls.com/SignalPage.aspx?lang=en&Ticker=ZAPLOX.ST
ZETA.ST;ZETA DISPLAY;47.1;116;60.6;224;55.7;580;54.5;306;https://www.swedishbulls.com/SignalPage.aspx?lang=en&Ticker=ZETA.ST
ZETA-PREF.ST;ZETADISPLAY PRF;60.0;98;52.9;108;52.9;108;55.3;104;https://www.swedishbulls.com/SignalPage.aspx?lang=en&Ticker=ZETA-PREF.ST
ZZ-B.ST;ZINZINO AB;33.3;75;38.5;85;45.3;109;39.0;89;https://www.swedishbulls.com/SignalPage.aspx?lang=en&Ticker=ZZ-B.ST
